,age,resting.systolic.bp,resting.hr,bmi,lvef.metabl,peak.rer,peak.vo2,interval,bun,sodium,hgb,glucose,crcl,betablok,dilver,nifed,acei,angioten.II,anti.arrhy,anti.coag,aspirin,digoxin,nitrates,vasodilator,diuretic.loop,diuretic.thiazide,diuretic.potassium.spar,lipidrx.statin,insulin,surgery.pacemaker,surgery.cabg,surgery.pci,surgery.aicd.implant,smknow,q.wave.mi,niddm,cad,male,black
859,-0.8382501884067883,0.6304029254834151,0.05645576486281002,-1.3689062694545027,-0.7298052088181101,0.7155642106707272,1.5989494159819801,1.74519704135423,-0.6523921647413569,0.04505783440854685,0.31930095876814124,-0.4258920719153911,-0.5280921485999058,0.0,0.0,0.0,1.0,0.0,0.0,0.0,0.0,0.0,0.0,0.0,1.0,0.0,0.0,0.0,0.0,0.0,1.0,1.0,0.0,1.0,0.0,0.0,1.0,1.0,0.0
957,0.7953151745085407,1.6343953245868927,-1.1912438368402565,-0.581166748926694,-0.03995998086156337,0.8055513496191751,1.0061880509748071,1.420383267234442,-0.09856547299274375,0.5217659000501097,0.4003428276468186,-0.10150402744457862,-0.9064369853278434,1.0,0.0,0.0,1.0,0.0,0.0,0.0,0.0,1.0,1.0,0.0,1.0,0.0,0.0,1.0,0.0,0.0,1.0,0.0,0.0,0.0,0.0,0.0,1.0,1.0,0.0
1159,-1.8365401324106005,0.1841840814374251,-1.052610547762138,1.068692571698321,1.3397304750515302,0.6255770717222792,0.038011154796424536,0.23549921798056836,-0.9062647050551711,0.4963272077882674,0.9013414305581229,-0.5630485525094515,2.085449724859926,1.0,0.0,0.0,0.0,1.0,0.0,0.0,0.0,0.0,1.0,0.0,0.0,1.0,0.0,1.0,0.0,1.0,0.0,0.0,1.0,1.0,0.0,0.0,0.0,1.0,0.0
2171,1.158329699600836,1.9690594576213853,-0.08217752421530848,0.17299469749160076,-0.03995998086156337,0.8955384885676231,0.7098073684712205,1.081844967447621,-0.6695405386732687,0.620371152457553,0.2615744622113845,-0.11929812179341663,0.08245742153809842,1.0,0.0,0.0,1.0,0.0,0.0,0.0,1.0,0.0,1.0,0.0,1.0,0.0,0.0,0.0,0.0,0.0,1.0,1.0,1.0,0.0,1.0,0.0,1.0,1.0,0.0
78,1.0675760683277622,1.6343953245868927,1.2348387220268173,1.0484520536343465,1.3397304750515302,0.26562851592848935,0.6505312319705038,0.5969117272124449,-0.2202822082648417,0.19005877346738062,-0.3050743839520374,0.019153577564268737,-0.32506156143715986,0.0,1.0,0.0,0.0,1.0,0.0,0.0,0.0,0.0,0.0,0.0,0.0,1.0,1.0,1.0,0.0,0.0,0.0,0.0,0.0,0.0,0.0,0.0,0.0,0.0,0.0
937,-0.2029747694952715,0.7419576364949126,-1.8150936376917897,0.37047308529195416,1.3397304750515302,-1.8040756798858126,1.0457054753086192,-0.7069182111557173,-0.5850034758864179,2.1277226845276167,0.2658449323055636,-1.2785190071756827,-0.0020495384532541417,1.0,0.0,0.0,1.0,0.0,0.0,0.0,0.0,0.0,0.0,0.0,1.0,0.0,0.0,0.0,1.0,0.0,0.0,1.0,0.0,0.0,0.0,0.0,0.0,1.0,0.0
643,0.16003975559702385,-0.48514418463156,-0.22081081329342697,-0.18218250479100223,-0.03995998086156337,0.5355899327738313,0.8283596414726554,0.4413671029860676,-0.22674477609286478,0.137270731189239,0.40875502754234594,-0.4190681774633846,0.4599693175061481,0.0,0.0,0.0,1.0,0.0,0.0,1.0,0.0,1.0,0.0,0.0,1.0,0.0,0.0,0.0,0.0,0.0,0.0,0.0,0.0,0.0,0.0,0.0,0.0,1.0,0.0
240,-1.564279238591379,1.0766217695294051,-1.1912438368402565,0.34442884744394164,-1.419650436774657,-1.7140885409373647,0.9666706266409957,2.088310183030062,-0.8259493977629827,-1.4613473642989518,2.1017237050351785,-0.6345955979760746,0.38286543582025107,1.0,0.0,0.0,0.0,1.0,0.0,0.0,0.0,1.0,0.0,0.0,1.0,0.0,1.0,0.0,0.0,0.0,0.0,0.0,1.0,0.0,0.0,0.0,0.0,1.0,1.0
2033,0.3415470181431715,0.1841840814374251,-0.42876074691060473,2.349753195486387,-0.03995998086156337,-0.7242300125044382,0.11704600346404734,0.1897507990904574,-0.6339482375182792,0.19045011913992474,0.28030504998941197,-0.09941242660268096,2.434486363745162,1.0,0.0,0.0,1.0,0.0,0.0,1.0,1.0,1.0,0.0,0.0,1.0,0.0,1.0,0.0,0.0,0.0,0.0,0.0,0.0,0.0,0.0,0.0,0.0,0.0,0.0
950,0.3415470181431715,0.1841840814374251,-0.8446606141449603,-0.6350374525356829,-0.7298052088181101,2.1553584338458944,0.038011154796424536,0.9217255013322326,-0.16366406860397487,0.536354552954336,-0.18266797597916468,-0.2751511238420611,-0.6763566155160341,1.0,0.0,0.0,0.0,1.0,0.0,0.0,1.0,1.0,1.0,0.0,0.0,0.0,0.0,0.0,0.0,0.0,1.0,1.0,0.0,0.0,0.0,0.0,1.0,1.0,0.0
833,0.06928612432395001,-0.038925340585569936,-0.775343969605901,1.1850118473371856,-0.03995998086156337,-0.8142171514528861,-0.021264981704292918,-0.10761392369526382,-0.22827911900053707,0.26206117306356425,0.15180576143875116,-0.12929322758928324,-0.04126728991572922,1.0,0.0,0.0,1.0,0.0,0.0,0.0,0.0,0.0,1.0,0.0,0.0,0.0,0.0,1.0,0.0,1.0,1.0,0.0,1.0,0.0,0.0,0.0,1.0,1.0,0.0
1229,-2.3810619200490435,0.40729350346042015,0.6803055657143433,4.054369409684824,-0.03995998086156337,-0.3642814567106463,0.27511570079929365,0.2537985855366127,-1.2275259342239242,0.17004811244039753,-0.4402622879750575,-0.1099172645541717,4.698889234540822,0.0,0.0,0.0,1.0,0.0,0.0,0.0,0.0,1.0,0.0,0.0,1.0,0.0,1.0,0.0,0.0,0.0,0.0,0.0,0.0,0.0,0.0,0.0,0.0,0.0,1.0
540,-0.7474965571337145,-0.038925340585569936,0.8189388547924618,1.468867463271848,0.6498852470949834,0.5355899327738313,1.1049816118093359,0.9903481296673992,-0.7463951494076961,0.2444829520575206,0.7668427994531437,-0.19064463806288778,2.506179648257545,0.0,0.0,0.0,1.0,0.0,0.0,1.0,0.0,1.0,0.0,0.0,1.0,0.0,0.0,0.0,0.0,0.0,0.0,0.0,0.0,0.0,0.0,0.0,0.0,1.0,0.0
369,1.24908333087391,-0.15048005159706745,-0.7060273250668417,0.3173792621378821,-0.03995998086156337,0.1756413769800414,0.3343918373000111,0.4413671029860676,-0.6653187831786062,0.8226063031361373,-1.4994231183959892,-0.03837021908754856,0.036848502034478134,1.0,0.0,0.0,1.0,0.0,0.0,0.0,1.0,0.0,0.0,0.0,0.0,0.0,0.0,0.0,0.0,0.0,1.0,0.0,0.0,0.0,1.0,0.0,1.0,1.0,0.0
796,0.7953151745085407,-0.038925340585569936,0.1257724094018693,1.4539345936186974,0.6498852470949834,-1.0841785682982301,0.3739092616338225,-0.10761392369526382,-0.42437286130204127,1.801443589179747,1.1131735966423084,0.6532512204231417,0.6001762556114775,1.0,0.0,0.0,0.0,1.0,0.0,0.0,1.0,0.0,1.0,0.0,1.0,0.0,0.0,1.0,0.0,1.0,1.0,1.0,1.0,0.0,0.0,0.0,0.0,1.0,0.0
1677,0.613807911962393,0.1841840814374251,-0.42876074691060473,0.2065987480627981,-1.419650436774657,0.08565423803159344,0.9666706266409957,1.2922876943421315,-0.344057554009853,-0.4825100782553422,-0.6520944540592444,1.917249023666817,0.35889565671468415,1.0,0.0,0.0,1.0,0.0,0.0,0.0,1.0,1.0,0.0,0.0,1.0,0.0,1.0,0.0,0.0,0.0,0.0,0.0,0.0,0.0,0.0,0.0,0.0,1.0,0.0
614,-0.11222113822219766,0.7419576364949126,0.9575721438705803,-0.1837581482920026,-0.4538671176354914,0.1756413769800414,0.5319789589690688,0.647234987991567,-0.5094162312238549,0.28087576344561693,0.45737344494638055,-0.3073205244026037,0.15322711948261022,0.0,0.0,0.0,1.0,0.0,0.0,0.0,0.0,1.0,1.0,0.0,1.0,0.0,0.0,0.0,0.0,0.0,0.0,0.0,0.0,0.0,0.0,0.0,0.0,1.0,0.0
231,-1.4735256073183052,0.5188482144719176,-0.15149416875436772,-0.753600005251711,-0.7298052088181101,-1.354139985143573,0.1368047156309534,-0.49190064237219583,-0.4501061630872146,0.16056292137815237,-0.015392053185959985,-0.36814979243241663,-0.42449559007186655,1.0,0.0,0.0,1.0,0.0,0.0,0.0,0.0,1.0,0.0,0.0,1.0,0.0,0.0,0.0,0.0,0.0,0.0,0.0,0.0,0.0,0.0,0.0,0.0,0.0,1.0
407,0.3415470181431715,-0.038925340585569936,-0.42876074691060473,0.11789118679154939,-0.03995998086156337,-0.9941914293497821,0.2948744129661997,0.006757123530013571,-0.26374224671766466,0.17004811244039753,0.9719521525861847,-0.6584446131316156,-0.13929847730450712,1.0,0.0,1.0,1.0,0.0,0.0,1.0,1.0,0.0,1.0,0.0,1.0,0.0,1.0,0.0,0.0,0.0,0.0,1.0,1.0,0.0,1.0,0.0,1.0,1.0,0.0
2012,-0.7474965571337145,-0.48514418463156,-0.6367106805277825,-0.18368489809363422,-0.03995998086156337,1.5254484612067587,0.49246153463525744,0.505414889432223,-0.9062647050551711,-0.15623098290747234,-0.8639266201434299,-0.3484074161095821,2.241510637402216,1.0,0.0,0.0,1.0,0.0,1.0,1.0,0.0,1.0,1.0,1.0,1.0,0.0,0.0,0.0,0.0,1.0,0.0,0.0,1.0,1.0,0.0,0.0,0.0,1.0,0.0
1011,-0.3844820320414192,1.8575047466098877,0.4030389875581063,0.5362538831308097,-0.03995998086156337,0.5355899327738313,-0.021264981704292918,0.02963133297506905,-0.30405589493786045,0.3053549015159511,0.25744634545113604,-0.27323399376169777,-0.1510250082735406,0.0,0.0,0.0,1.0,0.0,0.0,0.0,0.0,1.0,0.0,0.0,1.0,0.0,0.0,1.0,0.0,0.0,0.0,0.0,0.0,0.0,0.0,0.0,0.0,1.0,1.0
735,0.25079338687009767,3.3077159897593553,1.3734720111049359,-0.9691178491097737,-0.7298052088181101,0.1756413769800414,2.665919872994892,3.0490269797223917,-1.409849538051889,0.7075956138285455,1.0629153758490073,-0.3704968120530526,-0.21100754954801576,0.0,0.0,0.0,1.0,0.0,0.0,0.0,0.0,1.0,0.0,0.0,0.0,0.0,0.0,0.0,0.0,0.0,0.0,0.0,0.0,0.0,0.0,0.0,0.0,1.0,0.0
640,-2.29030828877597,0.6304029254834151,1.0962054329486988,1.6073866486736361,-0.3158980720441821,0.8055513496191751,1.3223274456452996,0.8531028729970662,-1.1727990678522808,0.1497911759522426,0.9024600074867009,-0.28949370865644525,2.703610348548421,0.0,0.0,0.0,1.0,0.0,0.0,0.0,1.0,1.0,0.0,0.0,1.0,0.0,0.0,0.0,0.0,0.0,0.0,0.0,0.0,1.0,0.0,0.0,0.0,1.0,0.0
2038,-0.475235663314493,-1.0429177396890477,0.2644056984799878,-0.09265583515111317,-0.7298052088181101,0.4456027938253833,1.3025687334783935,0.4413671029860676,-0.5046881685942296,0.17004811244039753,1.2543950406984334,-0.08606824939863064,0.48507939659752114,1.0,0.0,0.0,1.0,0.0,0.0,1.0,0.0,1.0,0.0,0.0,1.0,0.0,0.0,0.0,0.0,0.0,0.0,0.0,0.0,0.0,0.0,0.0,0.0,1.0,0.0
1155,-0.8382501884067883,-1.7122460057580327,-0.22081081329342697,-0.6401560760195572,-1.419650436774657,0.3556156548769373,0.3343918373000111,1.223665066006965,-0.36318529724430515,0.040132827654982155,0.6404871881674974,-0.3314325413697417,-0.27319753453904166,1.0,0.0,0.0,1.0,0.0,0.0,1.0,0.0,0.0,1.0,0.0,1.0,0.0,0.0,0.0,0.0,0.0,0.0,1.0,0.0,1.0,0.0,0.0,1.0,1.0,0.0
671,-0.475235663314493,-0.48514418463156,0.2644056984799878,0.14817200111374246,-0.7298052088181101,0.8055513496191751,0.788842217138844,0.9903481296673992,-0.35094451691692224,0.06807160085702296,0.5396629742145767,-0.4134585280247117,0.375153685679054,0.0,0.0,0.0,1.0,0.0,0.0,1.0,0.0,1.0,0.0,0.0,1.0,0.0,0.0,1.0,0.0,0.0,0.0,0.0,0.0,0.0,0.0,0.0,0.0,1.0,0.0
973,0.7953151745085407,-1.4891365837350377,-0.08217752421530848,-0.40372324514743396,-0.03995998086156337,0.1756413769800414,0.8283596414726554,1.264838643008065,-0.5070414305499603,0.2950353691278303,0.05574570656521247,-0.5130723341504854,-0.2562888081630271,0.0,0.0,0.0,1.0,0.0,0.0,0.0,1.0,1.0,0.0,0.0,1.0,0.0,0.0,1.0,0.0,0.0,0.0,0.0,0.0,0.0,0.0,0.0,0.0,0.0,0.0
1042,-0.3844820320414192,-0.48514418463156,-1.6764603486136713,0.16338874048741706,-0.03995998086156337,0.6255770717222792,0.09728729129714199,0.4413671029860676,-0.5850034758864179,0.17004811244039753,0.5482878204178123,-0.49150150704282836,0.5027346586054263,1.0,0.0,0.0,1.0,0.0,0.0,0.0,0.0,1.0,1.0,0.0,1.0,0.0,0.0,1.0,0.0,0.0,0.0,1.0,1.0,1.0,0.0,0.0,1.0,0.0,0.0
867,-0.29372840076834533,1.8575047466098877,-1.329877125918375,-0.1659596333154264,1.3397304750515302,-2.0740370967311565,-0.3571630885416909,-0.8212892583809948,-0.4309721002428079,0.45034517777395694,0.09631406669600062,-0.29750757619204404,-0.48605688101864875,1.0,0.0,0.0,1.0,0.0,0.0,0.0,1.0,1.0,0.0,0.0,1.0,0.0,0.0,0.0,0.0,0.0,0.0,0.0,0.0,0.0,0.0,0.0,0.0,0.0,0.0
1640,0.613807911962393,-0.3735894736200625,-0.22081081329342697,1.068385146300742,-0.03995998086156337,-0.9042042904013341,2.0929172201546247,1.5393291563487306,-0.42437286130204127,-1.4613473642989518,0.05401276622137677,3.3958879633103614,0.2276251183774138,1.0,0.0,0.0,1.0,0.0,0.0,0.0,0.0,0.0,0.0,0.0,0.0,0.0,1.0,0.0,0.0,0.0,0.0,0.0,0.0,0.0,0.0,0.0,0.0,1.0,1.0
900,-0.8382501884067883,-1.0429177396890477,2.898438190964239,-0.17413425161998647,-0.7298052088181101,0.6255770717222792,1.0852228996424305,1.5393291563487306,-0.6995759791268314,-0.10932234310190354,0.6517174415020542,-0.30133574023445997,0.7773701249528706,0.0,0.0,0.0,1.0,0.0,0.0,1.0,0.0,1.0,0.0,0.0,1.0,0.0,0.0,0.0,0.0,0.0,0.0,0.0,0.0,0.0,0.0,0.0,0.0,1.0,0.0
12,-1.2920183447721576,-0.3735894736200625,-0.498077391449664,-0.9967204285339979,-0.03995998086156337,0.08565423803159344,0.41342668596763393,0.1806011153124352,-0.3429243381941821,0.31419244162509874,-0.3217906518955903,-0.6281908728843301,-0.7294989572087062,0.0,0.0,0.0,1.0,0.0,1.0,0.0,0.0,1.0,0.0,0.0,1.0,0.0,0.0,0.0,0.0,0.0,0.0,0.0,0.0,0.0,0.0,0.0,0.0,0.0,0.0
792,0.25079338687009767,-0.3735894736200625,-0.9139772586840195,0.22288848087091473,-0.03995998086156337,0.7155642106707272,1.697742976816509,1.5393291563487306,-0.35375634723148397,0.26028064193792816,0.7313589204116807,1.4579656220594097,0.8824537558316451,1.0,0.0,0.0,1.0,0.0,0.0,0.0,0.0,1.0,1.0,0.0,1.0,0.0,0.0,1.0,1.0,0.0,0.0,1.0,0.0,0.0,1.0,0.0,1.0,1.0,0.0
1164,1.0675760683277622,-0.93136302867755,-0.8446606141449603,0.7628870469035257,-0.7298052088181101,-0.4542685956590943,1.0654641874755244,0.9903481296673992,-0.8259493977629827,0.8226063031361373,0.5482878204178123,-0.44380347673174625,0.45757178955648403,1.0,0.0,0.0,1.0,0.0,0.0,0.0,1.0,1.0,1.0,0.0,1.0,0.0,0.0,1.0,0.0,0.0,0.0,0.0,0.0,0.0,0.0,0.0,1.0,1.0,0.0
461,0.7953151745085407,0.40729350346042015,-0.8446606141449603,-0.47537132109969127,-1.419650436774657,0.1756413769800414,0.6110138076366917,0.9903481296673992,-0.3076066138715835,0.30293885701955786,-0.08387318761248012,0.3327481742965741,-0.20777279885110086,0.0,0.0,0.0,1.0,0.0,0.0,1.0,0.0,1.0,1.0,0.0,1.0,0.0,0.0,1.0,0.0,0.0,0.0,0.0,0.0,0.0,0.0,1.0,0.0,0.0,0.0
2071,-2.108801026229822,0.9650670585179077,-0.8446606141449603,1.4055313130208893,-0.7298052088181101,0.26562851592848935,0.7690835049719379,0.4871155218761786,-0.7456340904707944,-0.8087891736032121,-0.8639266201434299,-0.7538406737537798,1.5031355066829597,0.0,0.0,0.0,1.0,0.0,0.0,0.0,1.0,1.0,0.0,0.0,1.0,0.0,1.0,0.0,0.0,0.0,0.0,0.0,0.0,0.0,0.0,0.0,0.0,0.0,1.0
297,-1.564279238591379,1.6343953245868927,1.5121053001830542,0.3291252154486408,-0.03995998086156337,-0.27429431776219837,0.05776986696333059,-0.1259132912513082,-0.9931127103772956,0.22453398061908716,0.41145382441462086,-0.5266069442380648,0.6588910661233263,0.0,0.0,0.0,1.0,0.0,1.0,0.0,0.0,0.0,0.0,0.0,1.0,0.0,0.0,0.0,0.0,0.0,0.0,0.0,1.0,1.0,1.0,0.0,0.0,1.0,0.0
575,-0.3844820320414192,-1.7122460057580327,0.1257724094018693,0.1463981092500571,-0.03995998086156337,-0.4542685956590943,0.9073944901402782,0.9903481296673992,-0.344057554009853,-0.15623098290747234,0.689509264473936,1.2733256144672087,0.09877314173443551,1.0,0.0,0.0,1.0,0.0,0.0,0.0,1.0,1.0,0.0,0.0,1.0,0.0,1.0,1.0,0.0,0.0,0.0,1.0,0.0,0.0,0.0,1.0,1.0,0.0,0.0
959,-2.5625691825951913,0.1841840814374251,0.333722343019047,-0.3865309183923,-1.419650436774657,1.255487044361415,1.3420861578122056,1.7131731481311523,-0.3871188495305716,-0.3152547384005907,-0.014481430482612169,-0.7092860623367465,-0.1346811220425106,0.0,0.0,0.0,1.0,0.0,1.0,0.0,0.0,1.0,1.0,1.0,1.0,0.0,0.0,0.0,0.0,0.0,0.0,0.0,1.0,1.0,0.0,0.0,0.0,1.0,0.0
1486,0.16003975559702385,0.6304029254834151,-0.2901274578324862,0.3994878079659446,-0.03995998086156337,1.075512766464519,0.43318539813454,0.7158576163267334,0.05751898245108851,-2.1139055549946915,1.1837843186703703,-0.49150150704282836,0.6806175769166111,1.0,0.0,0.0,1.0,0.0,0.0,1.0,0.0,0.0,0.0,0.0,1.0,0.0,0.0,1.0,0.0,0.0,1.0,0.0,0.0,0.0,1.0,0.0,1.0,1.0,0.0
1794,-1.8365401324106005,-0.5966988956430576,2.274588390112706,0.05535565933335374,-0.7298052088181101,-0.8142171514528861,2.132434644488437,1.6674247292410413,-0.5046881685942296,0.17004811244039753,0.689509264473936,-0.7538406737537798,1.2810365129794332,1.0,0.0,0.0,1.0,0.0,0.0,0.0,0.0,0.0,0.0,0.0,1.0,0.0,0.0,0.0,0.0,0.0,0.0,0.0,0.0,1.0,0.0,0.0,0.0,1.0,0.0
561,-1.0197574509529361,1.8575047466098877,-2.3003101494652047,1.938604761401909,2.7194209309646236,-0.6342428735559902,0.9469119144740903,-0.029841611582075194,-0.727235975339942,0.5467876924606695,0.8291895462011459,-0.21180946063359163,2.0432831442640533,0.0,0.0,0.0,1.0,0.0,0.0,0.0,1.0,1.0,0.0,0.0,1.0,0.0,0.0,0.0,0.0,0.0,0.0,0.0,0.0,0.0,0.0,0.0,0.0,1.0,1.0
694,-2.0180473949567483,-0.5966988956430576,0.8189388547924618,-1.1301437407254757,-0.7298052088181101,0.6255770717222792,2.6856785851617975,2.8431590947168925,-1.2394783087401715,0.01491730050597935,1.1118062786171345,-0.5401537351624368,1.1231987404193262,0.0,0.0,0.0,1.0,0.0,0.0,0.0,0.0,1.0,0.0,0.0,1.0,0.0,0.0,0.0,0.0,0.0,0.0,0.0,0.0,1.0,0.0,0.0,0.0,1.0,0.0
1357,0.06928612432395001,-0.15048005159706745,-0.08217752421530848,-1.775988318076223,-0.03995998086156337,-0.9042042904013341,0.43318539813454,-0.04356613724910848,-0.6653187831786062,0.17004811244039753,0.33645565433362545,-0.3961054464206642,-0.28331926207395286,1.0,0.0,0.0,0.0,1.0,0.0,0.0,1.0,0.0,0.0,0.0,1.0,0.0,1.0,0.0,0.0,0.0,0.0,0.0,0.0,1.0,0.0,0.0,0.0,0.0,1.0
1070,-0.5659892945875669,-0.48514418463156,1.1655220774877582,1.5503354914783125,-0.7298052088181101,1.7054227391036547,0.17632213996476478,0.4413671029860676,-0.7456340904707944,-0.15623098290747234,-1.005148064199555,-0.8492367343759439,0.5039863594829651,0.0,0.0,0.0,1.0,1.0,0.0,1.0,0.0,1.0,1.0,0.0,1.0,0.0,1.0,0.0,0.0,0.0,0.0,0.0,0.0,0.0,0.0,0.0,0.0,0.0,0.0
2127,-0.8382501884067883,-0.038925340585569936,0.6803055657143433,-0.7111974628801803,-0.03995998086156337,0.3556156548769373,0.07752857913023593,0.7387318257717889,-1.0668953196395476,-1.135068268951082,-1.2169802302837405,-0.41995446157620525,0.46092170428467155,1.0,0.0,0.0,0.0,1.0,0.0,1.0,0.0,1.0,0.0,0.0,1.0,0.0,0.0,0.0,0.0,0.0,0.0,0.0,0.0,1.0,0.0,0.0,0.0,0.0,0.0
604,-0.021467506949123822,0.6304029254834151,0.05645576486281002,0.5041660850301724,-0.03995998086156337,0.1756413769800414,0.8876357779733729,0.9903481296673992,-0.344057554009853,0.8226063031361373,-0.15781939986280882,-0.9207837798425671,0.5051861132893384,1.0,0.0,0.0,1.0,0.0,0.0,1.0,1.0,0.0,0.0,0.0,1.0,0.0,0.0,1.0,0.0,1.0,0.0,1.0,0.0,0.0,1.0,0.0,1.0,1.0,0.0
654,-1.8365401324106005,-0.7082536066545551,1.1655220774877582,-1.613488758687931,-0.03995998086156337,0.7155642106707272,1.0654641874755244,1.1962160146728984,-0.5928132455308979,-0.006286331514536224,-0.2475081094785262,-0.7079524276033579,-0.5253683336534322,0.0,0.0,0.0,1.0,0.0,0.0,1.0,0.0,0.0,0.0,0.0,1.0,0.0,0.0,0.0,0.0,0.0,0.0,0.0,0.0,0.0,0.0,0.0,0.0,0.0,0.0
22,-1.4735256073183052,-0.15048005159706745,-0.8446606141449603,-1.103779565401193,-0.03995998086156337,0.1756413769800414,-0.041023693871198266,0.5786123596564006,-0.7474494890860662,0.34134370433982,-0.36268257506846496,-0.8212035974416027,-0.34323571011629816,0.0,0.0,0.0,1.0,0.0,0.0,0.0,1.0,1.0,0.0,0.0,0.0,0.0,0.0,0.0,0.0,1.0,0.0,0.0,0.0,1.0,0.0,0.0,0.0,0.0,0.0
1054,0.25079338687009767,-0.038925340585569936,-0.775343969605901,0.1684351123465818,-0.7298052088181101,0.5355899327738313,0.7690835049719379,1.5301794725707083,-0.1834269394254764,2.1277226845276167,0.33645565433362545,-0.37225643126512314,0.3517730221321269,0.0,0.0,0.0,1.0,0.0,1.0,0.0,0.0,0.0,1.0,0.0,1.0,0.0,0.0,0.0,0.0,0.0,1.0,0.0,0.0,0.0,0.0,0.0,0.0,1.0,0.0
522,-0.3844820320414192,0.40729350346042015,-1.8150936376917897,0.7326411580293327,1.2017614294602208,-0.27429431776219837,-0.021264981704292918,0.3041218463157348,-0.36111061688313295,0.20626780340328962,-0.195959952244214,-0.48548114038256257,0.18811729934588384,0.0,0.0,0.0,1.0,0.0,1.0,1.0,0.0,1.0,0.0,0.0,1.0,0.0,1.0,0.0,0.0,0.0,0.0,0.0,0.0,0.0,0.0,0.0,0.0,0.0,0.0
206,-0.6567429258606406,-0.5966988956430576,-0.22081081329342697,-0.836399342909122,0.6498852470949834,0.8955384885676231,0.7690835049719379,0.9903481296673992,-0.344057554009853,-0.4825100782553422,-0.2990408439189338,0.009327811223533518,0.5451167730875429,1.0,0.0,0.0,0.0,1.0,1.0,1.0,1.0,1.0,0.0,0.0,0.0,0.0,1.0,1.0,0.0,1.0,0.0,0.0,1.0,1.0,0.0,0.0,0.0,1.0,0.0
2023,-0.6567429258606406,0.9650670585179077,1.7893718783392913,0.7151715798310685,0.6498852470949834,0.26562851592848935,0.1368047156309534,0.14857722208935753,-0.9062647050551711,-0.8087891736032121,0.19523421027750174,0.27166697793448497,0.867863921085009,1.0,0.0,0.0,1.0,0.0,0.0,0.0,0.0,1.0,0.0,0.0,1.0,0.0,0.0,0.0,0.0,0.0,0.0,0.0,0.0,0.0,0.0,0.0,0.0,1.0,0.0
1790,-1.1105110822260098,-1.154472450700545,-0.22081081329342697,0.8859748027616103,-0.03995998086156337,0.3556156548769373,0.17632213996476478,0.16687658964540192,-0.5850034758864179,-0.15623098290747234,-1.781866006508238,0.2239689476234029,0.7378624541033608,1.0,0.0,0.0,1.0,0.0,0.0,0.0,1.0,1.0,0.0,0.0,1.0,0.0,1.0,0.0,0.0,0.0,0.0,0.0,0.0,0.0,0.0,1.0,0.0,0.0,0.0
1320,0.06928612432395001,1.9690594576213853,-1.4685104149964936,0.39583253348425107,-0.7298052088181101,-1.0841785682982301,-0.39668051287550227,0.20347532475749067,-0.20547707590997724,0.6393457337940118,0.7103228325403228,-0.4347190348475371,-0.3923844929038139,1.0,0.0,0.0,1.0,0.0,1.0,0.0,1.0,0.0,0.0,0.0,1.0,0.0,0.0,1.0,0.0,0.0,0.0,0.0,0.0,1.0,0.0,0.0,0.0,1.0,1.0
953,-1.8365401324106005,-0.5966988956430576,-0.2901274578324862,-0.6567570963971251,1.3397304750515302,-0.3642814567106463,0.9864293388079017,0.6746840393256335,-0.47545695261978804,0.10421386905337958,0.478807091659866,-0.6127590148771543,-0.013577548719362651,0.0,0.0,0.0,0.0,1.0,0.0,0.0,0.0,0.0,0.0,0.0,1.0,0.0,0.0,0.0,0.0,0.0,0.0,0.0,0.0,0.0,0.0,0.0,0.0,1.0,0.0
1005,1.0675760683277622,-0.15048005159706745,0.4030389875581063,-0.9904345093874993,-0.03995998086156337,0.3556156548769373,1.6384668403157923,1.5393291563487306,-0.8968276313096477,0.3205252969960141,0.8255028940299824,-0.3829282929323739,-0.25225229558018714,0.0,0.0,0.0,1.0,0.0,0.0,0.0,1.0,1.0,1.0,0.0,0.0,0.0,0.0,0.0,0.0,0.0,0.0,0.0,0.0,1.0,0.0,0.0,1.0,1.0,0.0
495,-1.8365401324106005,-1.37758187272354,1.1655220774877582,0.32970245910829243,-1.419650436774657,0.7155642106707272,0.6110138076366917,0.555738150211345,-0.7463808757712841,-0.08963040128363342,0.5512523339103657,-0.39450634124027106,0.8787799971195461,0.0,0.0,0.0,1.0,0.0,0.0,0.0,0.0,1.0,1.0,0.0,1.0,0.0,0.0,0.0,0.0,0.0,0.0,0.0,0.0,1.0,0.0,0.0,0.0,1.0,0.0
1491,-1.564279238591379,-1.6006912947465353,-1.7457769931527305,-0.17858909631054515,-1.1437123455920382,0.26562851592848935,0.49246153463525744,0.9903481296673992,-0.6653187831786062,-0.8087891736032121,-0.4402622879750575,-0.7299916585982388,0.8987523238654763,1.0,0.0,0.0,1.0,0.0,0.0,0.0,0.0,1.0,0.0,0.0,1.0,0.0,1.0,0.0,0.0,0.0,0.0,0.0,1.0,0.0,0.0,0.0,0.0,1.0,1.0
1755,-0.3844820320414192,0.5188482144719176,-0.2901274578324862,-0.06285957482666191,2.7194209309646236,0.5355899327738313,-0.06078240603810432,0.3086966882047459,-0.9062647050551711,0.4963272077882674,0.9719521525861847,-0.44380347673174625,-0.18336774559878985,1.0,0.0,0.0,0.0,0.0,1.0,1.0,0.0,1.0,0.0,0.0,1.0,0.0,0.0,0.0,0.0,1.0,0.0,1.0,1.0,0.0,0.0,0.0,1.0,1.0,0.0
214,0.25079338687009767,-1.7122460057580327,-0.08217752421530848,-0.6511408823921243,0.6498852470949834,0.3556156548769373,0.6110138076366917,0.9903481296673992,-0.42437286130204127,0.4963272077882674,-0.15781939986280882,-0.41995446157620525,-0.01952349856518226,0.0,0.0,0.0,0.0,1.0,0.0,1.0,1.0,1.0,0.0,0.0,1.0,0.0,1.0,1.0,0.0,0.0,1.0,1.0,0.0,0.0,0.0,0.0,1.0,1.0,0.0
741,-0.11222113822219766,0.40729350346042015,-1.5378270595355528,-1.4594062352583976,0.6498852470949834,0.7155642106707272,1.83605396198485,1.5393291563487306,-0.6703567812940272,0.14925497867532656,0.8009777044289073,-0.47381973385214127,0.20181626788502507,0.0,0.0,0.0,1.0,0.0,0.0,0.0,1.0,1.0,0.0,0.0,1.0,0.0,0.0,1.0,0.0,0.0,0.0,1.0,0.0,1.0,0.0,0.0,1.0,1.0,0.0
1712,-0.3844820320414192,-0.93136302867755,-0.8446606141449603,-0.465617416329937,-0.03995998086156337,-1.174165707246678,1.381603582146017,1.9510649263597293,-0.9865800123473594,-1.135068268951082,0.5482878204178123,-0.5391995373539105,0.2142313722972565,0.0,0.0,0.0,1.0,0.0,0.0,0.0,0.0,1.0,0.0,0.0,1.0,0.0,0.0,0.0,0.0,0.0,0.0,0.0,0.0,1.0,0.0,0.0,0.0,1.0,0.0
2134,0.25079338687009767,1.0766217695294051,-0.3594441023715455,0.5426593316850717,-1.419650436774657,0.6255770717222792,1.124740323976242,0.5786123596564006,-1.147210626931736,2.1277226845276167,0.33645565433362545,-0.15761529486525377,0.20752137900145898,1.0,0.0,0.0,1.0,0.0,0.0,0.0,1.0,1.0,0.0,0.0,1.0,0.0,1.0,0.0,0.0,0.0,0.0,0.0,1.0,0.0,0.0,0.0,0.0,0.0,0.0
760,-0.475235663314493,0.6304029254834151,1.3734720111049359,-0.7266444408631774,1.3397304750515302,-0.7242300125044382,1.0852228996424305,0.9903481296673992,-1.2031258601145767,0.302321527182789,0.1369743083227218,-0.4072049264864744,0.07092088040873334,0.0,0.0,0.0,1.0,0.0,0.0,0.0,1.0,1.0,0.0,0.0,0.0,0.0,0.0,0.0,0.0,0.0,0.0,0.0,0.0,0.0,0.0,0.0,0.0,0.0,0.0
1389,0.43230064941624535,1.2997311915524004,0.1257724094018693,-0.5672648307513373,-0.03995998086156337,0.3556156548769373,-0.17933467903953887,0.6380853042135448,-0.5850034758864179,0.8226063031361373,-1.1463695082556786,-0.44380347673174625,-0.4408558614454791,1.0,0.0,0.0,1.0,0.0,0.0,0.0,0.0,1.0,0.0,0.0,0.0,0.0,1.0,0.0,0.0,0.0,0.0,0.0,0.0,0.0,0.0,0.0,0.0,0.0,0.0
1281,-0.7474965571337145,-0.26203476260856495,-0.2901274578324862,1.3140081406666495,-0.03995998086156337,0.26562851592848935,1.0259467631417132,1.031521706668499,-0.344057554009853,1.801443589179747,-0.2990408439189338,-0.30070938579850004,0.4901695740375692,1.0,0.0,0.0,1.0,0.0,1.0,1.0,0.0,1.0,0.0,0.0,1.0,0.0,0.0,0.0,0.0,0.0,0.0,0.0,0.0,0.0,1.0,0.0,0.0,1.0,0.0
1857,-0.021467506949123822,0.2957387924489226,-0.498077391449664,-1.0761634197310181,0.6498852470949834,-1.0841785682982301,1.0457054753086192,0.8027796122179442,0.2181495970354651,0.4963272077882674,-0.36965156594699566,-0.41995446157620525,-0.7537043016558234,0.0,0.0,0.0,0.0,1.0,0.0,0.0,1.0,0.0,0.0,0.0,0.0,1.0,1.0,1.0,0.0,0.0,0.0,0.0,0.0,0.0,0.0,0.0,0.0,0.0,0.0
1152,-0.7474965571337145,0.5188482144719176,0.610988921175284,1.3573066212349016,-0.03995998086156337,-1.174165707246678,0.670289944137409,0.19890048286847958,-0.6752360791732747,0.053301748857200244,0.763100001872466,0.7417458907210395,2.594452044165484,0.0,0.0,0.0,1.0,0.0,0.0,0.0,1.0,1.0,1.0,0.0,1.0,0.0,0.0,0.0,0.0,0.0,0.0,0.0,0.0,0.0,0.0,1.0,0.0,1.0,0.0
559,-0.11222113822219766,-0.038925340585569936,0.610988921175284,-0.2575023874598611,-0.7298052088181101,-1.6241014019889168,0.5319789589690688,0.9903481296673992,-1.147210626931736,-0.15623098290747234,0.19523421027750174,-0.825387719220403,0.6079581674102166,1.0,0.0,0.0,1.0,0.0,0.0,0.0,1.0,1.0,0.0,0.0,1.0,0.0,0.0,0.0,0.0,0.0,0.0,0.0,1.0,0.0,0.0,0.0,0.0,0.0,0.0
1291,-0.29372840076834533,-1.2660271617120427,0.333722343019047,-0.12537730740668787,0.6498852470949834,-0.004332900916854509,-0.27812823987406776,0.7158576163267334,-0.9062647050551711,0.17004811244039753,-0.7933158981153681,-0.6107465828205335,-0.28665859391764015,1.0,0.0,0.0,1.0,0.0,0.0,1.0,1.0,1.0,0.0,0.0,1.0,0.0,1.0,0.0,0.0,1.0,0.0,0.0,0.0,0.0,0.0,0.0,0.0,0.0,0.0
1596,-0.8382501884067883,0.5188482144719176,1.8586885228783505,1.4515292451865753,-0.03995998086156337,-0.6342428735559902,0.41342668596763393,0.9903481296673992,-1.0668953196395476,-0.15623098290747234,1.2543950406984334,-0.25301135548741793,0.8081727221945666,0.0,0.0,0.0,1.0,0.0,0.0,0.0,0.0,1.0,0.0,0.0,1.0,0.0,1.0,0.0,0.0,0.0,0.0,0.0,0.0,0.0,0.0,0.0,0.0,0.0,1.0
1549,1.0675760683277622,1.0766217695294051,0.1257724094018693,-0.7141217680726427,-0.03995998086156337,0.5355899327738313,0.8678770658064668,1.1275933863377319,-0.7456340904707944,-0.4825100782553422,2.1017237050351785,-0.7776896889093209,-0.3510911526294366,0.0,0.0,0.0,1.0,0.0,1.0,0.0,1.0,1.0,0.0,0.0,0.0,0.0,0.0,0.0,0.0,0.0,0.0,0.0,0.0,0.0,0.0,0.0,0.0,1.0,0.0
784,0.3415470181431715,-0.5966988956430576,0.7496222102534026,0.4237951868531459,0.7878542926862927,0.3556156548769373,0.27511570079929365,0.4413671029860676,-0.11500009844235208,0.3747740418421649,0.4019029969698889,-0.16088082508126875,0.2766199895258093,1.0,0.0,0.0,1.0,0.0,0.0,1.0,0.0,1.0,0.0,0.0,1.0,0.0,0.0,0.0,0.0,1.0,0.0,0.0,0.0,0.0,0.0,0.0,0.0,1.0,0.0
137,0.16003975559702385,0.5188482144719176,0.4723556320971655,0.08827291729585592,-0.03995998086156337,0.1756413769800414,0.038011154796424536,0.05250554242012453,-0.42404085420601795,0.6152379209109253,-0.11810839441277793,-0.34495429595573884,-0.45186627196185924,1.0,0.0,0.0,0.0,1.0,0.0,0.0,0.0,1.0,0.0,0.0,1.0,0.0,0.0,0.0,0.0,0.0,0.0,0.0,0.0,0.0,0.0,0.0,0.0,0.0,1.0
1228,-0.8382501884067883,0.40729350346042015,-0.3594441023715455,-0.49148693422330686,-0.7298052088181101,0.1756413769800414,0.3739092616338225,0.5786123596564006,-0.9062647050551711,1.801443589179747,0.19523421027750174,-0.6822936282871567,0.8262819571966828,1.0,0.0,0.0,1.0,0.0,1.0,1.0,0.0,1.0,0.0,0.0,1.0,0.0,0.0,0.0,0.0,1.0,0.0,0.0,1.0,0.0,0.0,0.0,0.0,1.0,0.0
283,-2.108801026229822,-1.154472450700545,-0.012860879676249227,-1.7118440865176514,0.6498852470949834,0.08565423803159344,0.9864293388079017,1.6765744130190634,-0.8369969999906848,-0.2553728143383794,-0.006005747311338651,-0.7530113916252137,-0.0923376439380592,0.0,0.0,0.0,1.0,0.0,0.0,1.0,0.0,1.0,0.0,0.0,1.0,0.0,0.0,0.0,0.0,0.0,0.0,0.0,1.0,0.0,0.0,0.0,0.0,0.0,1.0
365,0.16003975559702385,-0.26203476260856495,0.7496222102534026,-0.6998572165358445,-1.419650436774657,0.08565423803159344,0.2553569886323883,0.5786123596564006,-1.3078412415161125,-2.4401846503425615,-0.4402622879750575,-0.44380347673174625,-0.19702759258591762,1.0,0.0,0.0,0.0,0.0,0.0,1.0,0.0,1.0,0.0,0.0,1.0,0.0,1.0,0.0,0.0,0.0,0.0,0.0,0.0,0.0,0.0,0.0,0.0,0.0,0.0
1986,0.5230542806893193,0.7419576364949126,-0.15149416875436772,0.3379791432169705,0.6498852470949834,0.9855256275160711,0.452944110301446,0.1806011153124352,-0.6653187831786062,1.148885398484007,1.0425628746142466,-0.5630485525094515,-0.0904541759253731,1.0,0.0,0.0,1.0,0.0,1.0,1.0,0.0,0.0,1.0,0.0,1.0,0.0,0.0,1.0,0.0,0.0,1.0,0.0,1.0,0.0,0.0,0.0,1.0,1.0,0.0
1294,0.43230064941624535,-1.7122460057580327,0.9575721438705803,1.0558858550174381,1.3397304750515302,0.3556156548769373,-0.06078240603810432,0.5786123596564006,-0.8259493977629827,1.475164493831877,1.466227206782619,-0.25301135548741793,0.9325441835593986,1.0,0.0,0.0,1.0,0.0,0.0,1.0,0.0,1.0,0.0,0.0,1.0,0.0,0.0,0.0,0.0,0.0,0.0,0.0,0.0,0.0,0.0,0.0,0.0,1.0,0.0
1765,-1.3827719760452313,-1.154472450700545,-1.1219271923011973,-0.21437818174559017,-0.03995998086156337,-1.7140885409373647,0.19608085213167084,-0.10761392369526382,-1.5487871633926775,-0.8087891736032121,-0.15781939986280882,0.7724962962008468,0.9352626014534908,1.0,0.0,0.0,1.0,0.0,0.0,1.0,0.0,1.0,0.0,0.0,0.0,0.0,1.0,0.0,0.0,1.0,0.0,0.0,1.0,0.0,0.0,0.0,0.0,0.0,0.0
982,0.06928612432395001,-1.7122460057580327,-0.7060273250668417,-1.4874091688297788,0.6498852470949834,0.8055513496191751,0.9271532023071842,0.7799054027728887,-0.269452029611428,0.13631273334901695,-0.28432372156569047,-0.6497572438512037,-0.6105983381411841,0.0,0.0,0.0,1.0,0.0,0.0,1.0,0.0,1.0,0.0,0.0,1.0,0.0,0.0,0.0,0.0,0.0,0.0,0.0,0.0,0.0,0.0,0.0,0.0,0.0,0.0
402,0.43230064941624535,0.5188482144719176,-1.607143704074612,-0.04187984396289376,2.029575703008077,-0.09432003986530246,0.39366797380072854,1.0452462323355323,-0.12327683220631047,0.6606429720241864,0.636616740523538,-0.24559958538752102,-0.18341827311523837,1.0,0.0,0.0,1.0,0.0,1.0,1.0,0.0,1.0,0.0,0.0,1.0,0.0,0.0,0.0,0.0,0.0,0.0,0.0,0.0,0.0,0.0,0.0,0.0,1.0,0.0
1376,-2.1995546575028957,-0.48514418463156,0.1257724094018693,-1.2297789256011085,-0.03995998086156337,0.1756413769800414,-0.041023693871198266,0.10282880319924657,-1.5487871633926775,1.475164493831877,-2.699805392873046,-0.06221923424308961,-0.6365819548079339,1.0,0.0,0.0,0.0,0.0,1.0,0.0,0.0,0.0,1.0,1.0,0.0,0.0,1.0,0.0,0.0,0.0,0.0,0.0,0.0,0.0,0.0,0.0,0.0,0.0,1.0
650,-1.2012647134990837,-1.37758187272354,1.7893718783392913,0.2412338688639421,0.9258233382776021,0.9855256275160711,0.2948744129661997,0.4413671029860676,-0.6210883111452685,0.02795713917249391,-0.25609606228560977,-0.3597515620055733,-0.24889762151152642,0.0,0.0,0.0,1.0,0.0,0.0,1.0,0.0,1.0,0.0,0.0,1.0,0.0,0.0,0.0,0.0,0.0,0.0,0.0,0.0,0.0,0.0,0.0,0.0,0.0,0.0
1970,-0.3844820320414192,-1.154472450700545,0.333722343019047,0.008898753791100257,1.2017614294602208,-0.004332900916854509,1.2235338848107709,1.7223228319091743,-0.18985035354119434,-0.15605915454749061,1.1837843186703703,1.3756569801441316,0.3529879596780261,1.0,0.0,0.0,1.0,0.0,0.0,0.0,1.0,1.0,1.0,0.0,1.0,0.0,0.0,1.0,1.0,0.0,0.0,0.0,0.0,0.0,0.0,0.0,0.0,1.0,0.0
2109,-1.2012647134990837,1.2997311915524004,-0.7060273250668417,-1.5083838631948299,2.029575703008077,0.8955384885676231,1.0457054753086192,1.424958109123453,-1.3881565488083007,0.4963272077882674,0.9719521525861847,-0.9684818101536492,-0.4980808633206825,1.0,0.0,0.0,0.0,0.0,0.0,0.0,0.0,0.0,0.0,0.0,1.0,0.0,0.0,0.0,0.0,0.0,1.0,1.0,0.0,0.0,0.0,0.0,1.0,0.0,0.0
1982,0.43230064941624535,1.9690594576213853,-0.9139772586840195,-1.0100922279503561,-0.03995998086156337,0.5355899327738313,0.35415054946691715,0.4413671029860676,-0.9865800123473594,1.801443589179747,-0.7933158981153681,0.12857288700123873,-0.5005689068804741,1.0,0.0,0.0,0.0,1.0,0.0,0.0,1.0,1.0,0.0,0.0,1.0,0.0,0.0,1.0,0.0,1.0,0.0,1.0,1.0,0.0,0.0,0.0,1.0,0.0,0.0
1200,1.158329699600836,0.40729350346042015,-0.2901274578324862,0.1895010263098542,0.09800906472974598,0.4456027938253833,-0.23861081554025634,0.16687658964540192,-0.8259493977629827,2.1277226845276167,0.12462348824943863,-0.49150150704282836,-0.0630286751413996,1.0,0.0,0.0,1.0,0.0,0.0,1.0,0.0,1.0,0.0,0.0,0.0,0.0,0.0,1.0,0.0,1.0,0.0,0.0,1.0,0.0,0.0,0.0,0.0,0.0,0.0
579,-1.2920183447721576,0.2957387924489226,-0.22081081329342697,1.2070055453060125,1.2017614294602208,1.075512766464519,0.09728729129714199,0.6655343555476113,-0.0219698461950575,-0.11469639798602546,-0.6009379434313044,2.0629547138831383,0.019180175561572237,0.0,0.0,0.0,1.0,0.0,0.0,1.0,0.0,1.0,0.0,0.0,1.0,0.0,0.0,0.0,1.0,0.0,0.0,0.0,0.0,0.0,0.0,1.0,0.0,0.0,0.0
944,0.3415470181431715,-1.37758187272354,-0.08217752421530848,0.5725785414792907,2.029575703008077,0.8055513496191751,0.8481183536395615,0.9903481296673992,-0.36192352649895393,0.2139572130549861,0.4867652187157822,-0.25456111374044116,1.1564909904288467,0.0,0.0,0.0,1.0,0.0,0.0,1.0,0.0,1.0,0.0,0.0,1.0,0.0,0.0,0.0,0.0,0.0,0.0,0.0,0.0,0.0,0.0,0.0,0.0,1.0,0.0
1768,0.5230542806893193,-0.5966988956430576,-0.08217752421530848,-1.0524757101615183,0.6498852470949834,-1.6241014019889168,0.3739092616338225,0.002182281641002475,-0.9865800123473594,0.4963272077882674,-3.1234697250414185,-0.6107465828205335,-0.5674696337000141,1.0,0.0,0.0,1.0,0.0,0.0,1.0,0.0,0.0,0.0,0.0,0.0,0.0,0.0,0.0,0.0,0.0,1.0,0.0,0.0,0.0,1.0,0.0,0.0,0.0,0.0
1510,-2.108801026229822,0.5188482144719176,-0.08217752421530848,-0.6807005789277644,0.6498852470949834,-0.3642814567106463,-0.3571630885416909,-0.10761392369526382,-1.0668953196395476,0.4963272077882674,-2.487973226788859,-0.6822936282871567,0.9607420106484241,1.0,0.0,0.0,1.0,0.0,0.0,0.0,1.0,1.0,0.0,0.0,0.0,0.0,1.0,0.0,0.0,0.0,0.0,0.0,0.0,0.0,0.0,0.0,0.0,0.0,1.0
1538,-0.021467506949123822,-0.26203476260856495,-0.7060273250668417,0.20598871244752978,-0.03995998086156337,1.1654999054129669,0.7493247928050326,1.5393291563487306,-0.022796324841099787,-1.7876264596468217,-0.7933158981153681,2.537323417710884,-0.1082927928574247,1.0,0.0,0.0,1.0,0.0,0.0,0.0,0.0,1.0,0.0,0.0,1.0,0.0,0.0,1.0,0.0,0.0,1.0,0.0,1.0,0.0,0.0,1.0,1.0,1.0,0.0
172,0.8860688057816145,2.1921688796443806,-0.42876074691060473,-3.5558101228989804e-05,-0.03995998086156337,0.3556156548769373,1.46063843081364,0.7387318257717889,-0.10311163213328808,0.8226063031361373,0.5482878204178123,-0.44380347673174625,0.033134915915335156,1.0,0.0,0.0,0.0,0.0,0.0,0.0,1.0,0.0,0.0,0.0,0.0,0.0,0.0,1.0,0.0,0.0,0.0,0.0,0.0,0.0,1.0,0.0,1.0,1.0,0.0
2055,0.5230542806893193,0.9650670585179077,0.05645576486281002,-0.6526256843665725,2.7194209309646236,0.6255770717222792,0.788842217138844,0.5740375177673894,-0.42437286130204127,-1.135068268951082,1.466227206782619,-0.014521203932007523,0.8305506592264871,1.0,0.0,0.0,1.0,0.0,0.0,1.0,1.0,0.0,0.0,0.0,1.0,0.0,0.0,0.0,0.0,0.0,0.0,0.0,0.0,0.0,0.0,0.0,0.0,1.0,0.0
1315,0.9768224370546884,1.6343953245868927,-1.1219271923011973,-0.4624503500696422,2.7194209309646236,0.1756413769800414,0.15656342779785945,0.4413671029860676,-0.7456340904707944,2.7802808752233563,0.6188985424458742,-0.5153505221983694,-0.08380165304035901,1.0,0.0,1.0,0.0,0.0,1.0,0.0,0.0,0.0,0.0,0.0,1.0,0.0,0.0,0.0,0.0,1.0,0.0,0.0,1.0,0.0,0.0,1.0,0.0,1.0,1.0
1925,-2.3810619200490435,-0.26203476260856495,0.2644056984799878,0.03357134216977997,-0.7298052088181101,0.8055513496191751,0.9666706266409957,0.6243607785465115,-1.2275259342239242,-1.135068268951082,-0.5814837320311825,-0.5153505221983694,0.49833450755576475,1.0,0.0,0.0,0.0,1.0,0.0,0.0,0.0,1.0,0.0,0.0,0.0,0.0,1.0,0.0,0.0,0.0,0.0,0.0,0.0,0.0,0.0,0.0,0.0,0.0,0.0
337,-0.475235663314493,-0.5966988956430576,-0.42876074691060473,-0.06394755495873357,0.6498852470949834,0.6255770717222792,0.7493247928050326,0.8531028729970662,-0.008135616917483457,-0.23032998671453847,-0.04358853642005017,-0.22224437327264626,0.044212186355931965,0.0,0.0,0.0,1.0,0.0,1.0,0.0,0.0,1.0,0.0,0.0,1.0,0.0,1.0,0.0,0.0,0.0,1.0,0.0,0.0,0.0,0.0,0.0,1.0,1.0,0.0
455,-0.29372840076834533,-0.3735894736200625,0.5416722766362247,0.06568147042525461,0.6498852470949834,0.26562851592848935,0.39366797380072854,0.8988512918871772,-0.42329097258980175,0.2241862649871756,0.521911313009636,-0.4220759591619179,0.0364896402132046,0.0,0.0,0.0,0.0,1.0,0.0,0.0,0.0,1.0,0.0,0.0,1.0,0.0,0.0,1.0,0.0,0.0,0.0,0.0,0.0,0.0,0.0,0.0,0.0,1.0,0.0
1885,0.25079338687009767,0.6304029254834151,1.5121053001830542,0.4705262958666035,0.6498852470949834,-0.9941914293497821,0.9073944901402782,0.7158576163267334,-0.5850034758864179,0.8226063031361373,1.8898915389509914,-0.5868975676649926,1.1342267135492947,1.0,0.0,0.0,1.0,0.0,0.0,0.0,0.0,1.0,0.0,0.0,0.0,0.0,1.0,1.0,0.0,0.0,0.0,0.0,0.0,0.0,0.0,0.0,0.0,1.0,0.0
589,-0.11222113822219766,-1.154472450700545,-0.012860879676249227,-0.06210485756985228,-0.7298052088181101,0.3556156548769373,0.39366797380072854,0.4413671029860676,-0.07202055354378246,0.1289131052130722,0.46791578673761697,-0.254587567449636,-0.06530357448419123,1.0,0.0,0.0,1.0,0.0,0.0,1.0,0.0,1.0,0.0,0.0,1.0,0.0,0.0,0.0,0.0,0.0,0.0,0.0,0.0,0.0,0.0,0.0,0.0,1.0,0.0
2154,0.613807911962393,-0.48514418463156,-0.08217752421530848,-0.6599381991618958,0.6498852470949834,0.4456027938253833,1.697742976816509,1.74519704135423,-0.5850034758864179,-0.15623098290747234,-0.7933158981153681,3.682076145176854,-0.6689879542644532,1.0,0.0,0.0,1.0,0.0,0.0,1.0,0.0,1.0,1.0,0.0,1.0,0.0,0.0,1.0,1.0,0.0,0.0,0.0,0.0,0.0,0.0,0.0,1.0,0.0,0.0
978,-0.475235663314493,1.4112859025638977,0.333722343019047,-0.6190120203247906,-0.7298052088181101,-0.09432003986530246,2.2312282053229655,1.6308259941289525,-0.42437286130204127,-1.4613473642989518,0.9013414305581229,-0.7538406737537798,-0.13409472607354578,1.0,0.0,0.0,1.0,0.0,0.0,0.0,1.0,1.0,0.0,0.0,0.0,0.0,1.0,1.0,0.0,0.0,0.0,0.0,0.0,0.0,0.0,0.0,0.0,1.0,0.0
691,0.9768224370546884,-1.6006912947465353,-1.7457769931527305,-0.15217125240216062,-0.03995998086156337,0.4456027938253833,1.46063843081364,1.8138196696893962,-0.4626893815414706,0.2714122666804197,0.6786308566000651,-0.20885843644305865,-0.023944098593130188,1.0,0.0,0.0,1.0,0.0,0.0,0.0,1.0,1.0,0.0,0.0,0.0,0.0,0.0,1.0,0.0,0.0,1.0,0.0,0.0,1.0,0.0,0.0,1.0,1.0,0.0
1598,0.06928612432395001,-1.154472450700545,-0.7060273250668417,-0.0915981357624646,0.6498852470949834,-0.9941914293497821,0.4727028224683514,0.3727444746509012,-0.10311163213328808,0.17004811244039753,0.4776770983897492,0.9632884174451752,-0.1507223374349471,1.0,0.0,0.0,1.0,0.0,0.0,0.0,0.0,1.0,1.0,0.0,1.0,0.0,0.0,0.0,0.0,0.0,0.0,0.0,1.0,0.0,0.0,1.0,0.0,0.0,0.0
1340,0.25079338687009767,-0.038925340585569936,-0.08217752421530848,0.09784975134612611,-0.7298052088181101,0.1756413769800414,-0.27812823987406776,0.789055086550911,-0.9865800123473594,1.148885398484007,0.7601199865019979,-0.5630485525094515,1.260136585520549,0.0,0.0,0.0,0.0,1.0,0.0,1.0,0.0,1.0,0.0,0.0,0.0,0.0,0.0,0.0,0.0,0.0,0.0,0.0,0.0,1.0,0.0,1.0,0.0,0.0,0.0
558,-1.564279238591379,-0.26203476260856495,3.106388124581417,0.42626369031913364,-0.03995998086156337,0.4456027938253833,2.0138823714870018,2.3628006963707273,-1.245175142951116,0.06805339774629197,1.0552702378795522,-0.20902337098509102,2.361893387226418,0.0,0.0,0.0,1.0,0.0,0.0,0.0,1.0,1.0,0.0,0.0,1.0,0.0,0.0,0.0,0.0,0.0,0.0,0.0,0.0,0.0,0.0,0.0,0.0,1.0,0.0
2228,-0.021467506949123822,-1.0429177396890477,0.2644056984799878,-0.03624400225019869,0.6498852470949834,0.4456027938253833,0.6900486563043151,0.509989731321234,-0.7456340904707944,1.801443589179747,-0.016597955806685095,-0.30070938579850004,-0.24097177069084283,1.0,0.0,0.0,1.0,0.0,0.0,0.0,1.0,1.0,0.0,0.0,0.0,0.0,0.0,1.0,0.0,0.0,0.0,1.0,1.0,0.0,0.0,0.0,1.0,1.0,0.0
1715,-1.4735256073183052,-0.5966988956430576,-0.15149416875436772,-0.5481876163424286,-0.03995998086156337,0.3556156548769373,0.19608085213167084,0.9903481296673992,-0.9865800123473594,-0.15623098290747234,-1.0757587862276168,2.9189076601995407,1.2170104973069436,1.0,0.0,0.0,1.0,0.0,1.0,0.0,1.0,1.0,0.0,0.0,1.0,0.0,0.0,1.0,1.0,1.0,0.0,1.0,1.0,0.0,1.0,0.0,1.0,1.0,0.0
2058,-1.2920183447721576,0.40729350346042015,-0.08217752421530848,2.149417295917473,0.6498852470949834,0.3556156548769373,-0.041023693871198266,-0.647445266598573,-0.5850034758864179,-1.7876264596468217,-0.016597955806685095,-0.2291623403318769,4.283456427537653,1.0,0.0,0.0,1.0,0.0,0.0,1.0,0.0,0.0,1.0,0.0,1.0,0.0,1.0,1.0,0.0,1.0,0.0,0.0,1.0,0.0,0.0,0.0,0.0,1.0,0.0
1356,-0.7474965571337145,2.1921688796443806,-1.1912438368402565,0.07549051964846047,-0.03995998086156337,-0.5442557346075423,-0.9104070292150527,-0.10761392369526382,-1.0668953196395476,2.1277226845276167,1.3250057627264953,-0.2291623403318769,0.6108695701395844,1.0,0.0,0.0,1.0,0.0,0.0,0.0,0.0,1.0,0.0,0.0,0.0,0.0,0.0,0.0,0.0,0.0,0.0,0.0,0.0,0.0,0.0,0.0,0.0,1.0,0.0
119,0.3415470181431715,-0.93136302867755,-1.1219271923011973,-1.063512337334688,-0.7298052088181101,0.4456027938253833,1.2630513091445823,0.647234987991567,-0.5850034758864179,-1.4613473642989518,0.6188985424458742,-0.37225643126512314,-0.21397230754607832,1.0,0.0,0.0,1.0,0.0,0.0,0.0,1.0,0.0,0.0,0.0,1.0,0.0,1.0,1.0,0.0,0.0,0.0,1.0,0.0,1.0,0.0,0.0,0.0,1.0,0.0
771,-2.108801026229822,0.07262937042592758,2.3439050346517654,-0.5473959968980778,-0.7298052088181101,1.7054227391036547,1.4408797186467346,1.264838643008065,-0.6975728053309932,0.003495280843041673,0.4366374914795396,-0.43098217313459386,0.9614975188327722,0.0,0.0,0.0,0.0,0.0,0.0,1.0,0.0,1.0,0.0,0.0,1.0,0.0,0.0,0.0,0.0,0.0,0.0,0.0,0.0,0.0,0.0,0.0,0.0,1.0,0.0
1410,0.25079338687009767,1.2997311915524004,-0.42876074691060473,-1.030196635639294,-0.03995998086156337,1.345474183309863,0.1368047156309534,0.9903481296673992,-0.9062647050551711,0.4963272077882674,-0.6520944540592444,-0.7538406737537798,-0.6218963683898434,1.0,0.0,0.0,1.0,0.0,1.0,1.0,1.0,1.0,0.0,0.0,0.0,0.0,0.0,1.0,0.0,1.0,0.0,1.0,1.0,0.0,0.0,0.0,1.0,1.0,0.0
588,-0.5659892945875669,-0.3735894736200625,-0.08217752421530848,0.09724286662131566,-1.419650436774657,0.8955384885676231,0.452944110301446,1.0589707580025656,-0.11177205123522431,0.20348970983432485,0.269854439999378,-0.3483475585873468,-0.23799548393022368,0.0,0.0,0.0,1.0,0.0,1.0,0.0,1.0,1.0,1.0,0.0,1.0,0.0,0.0,1.0,0.0,0.0,1.0,0.0,0.0,0.0,0.0,0.0,1.0,1.0,0.0
1,2.0658660123315746,1.2997311915524004,-1.607143704074612,-1.3509802681481293,-0.03995998086156337,-0.9042042904013341,1.5199145673143575,1.1504675957827875,-0.42437286130204127,-0.4825100782553422,-0.2990408439189338,-0.4676524918872873,-0.6996123916637895,1.0,0.0,0.0,1.0,0.0,0.0,0.0,1.0,1.0,0.0,0.0,1.0,0.0,0.0,0.0,0.0,0.0,0.0,0.0,0.0,0.0,0.0,0.0,0.0,0.0,0.0
1368,0.7045615432354668,0.8535123475064101,-1.052610547762138,-0.6007341029068313,0.6498852470949834,1.9753841559489986,0.788842217138844,0.9903481296673992,-0.10311163213328808,0.4963272077882674,0.12462348824943863,-0.5153505221983694,-0.8274945782899453,0.0,0.0,0.0,1.0,0.0,1.0,0.0,0.0,1.0,1.0,0.0,1.0,0.0,0.0,0.0,0.0,0.0,0.0,0.0,0.0,0.0,0.0,0.0,0.0,1.0,0.0
1675,-1.2012647134990837,2.080614168632883,-1.052610547762138,0.9718152416085805,-0.03995998086156337,-2.7939342083187393,-0.3571630885416909,-0.7938402070469281,-0.7456340904707944,0.4963272077882674,0.5482878204178123,3.228944857221574,1.405983329441379,1.0,0.0,0.0,1.0,0.0,0.0,0.0,1.0,0.0,0.0,0.0,0.0,0.0,0.0,1.0,1.0,0.0,0.0,0.0,0.0,0.0,0.0,0.0,0.0,0.0,0.0
1883,1.4305905934200576,-0.7082536066545551,-0.775343969605901,0.02482389479486268,0.6498852470949834,0.3556156548769373,1.3025687334783935,0.8759770824421217,-0.022796324841099787,0.4963272077882674,0.05401276622137677,-0.276860370642959,-0.07649209086702177,1.0,0.0,0.0,0.0,1.0,0.0,0.0,1.0,0.0,0.0,0.0,0.0,0.0,1.0,1.0,0.0,1.0,0.0,0.0,1.0,0.0,1.0,0.0,1.0,1.0,0.0
866,-1.2920183447721576,1.4112859025638977,0.2644056984799878,0.29414838084124567,0.6498852470949834,0.3556156548769373,3.8119251786754274,2.774536466381726,-1.3552349594672717,0.46199208204056746,1.4034429877757557,-0.4049399149240676,3.2375672541750395,0.0,0.0,0.0,1.0,0.0,0.0,1.0,0.0,0.0,0.0,0.0,1.0,0.0,0.0,0.0,0.0,0.0,0.0,0.0,0.0,0.0,0.0,0.0,0.0,1.0,0.0
1058,-1.8365401324106005,-0.5966988956430576,-0.498077391449664,-1.2192623997831042,-0.7298052088181101,0.8055513496191751,1.4211210064798285,1.4386826347904864,-0.5046881685942296,0.8226063031361373,0.25350421097774506,-1.2785190071756827,0.4452128803185542,0.0,0.0,0.0,1.0,0.0,0.0,0.0,0.0,1.0,0.0,0.0,1.0,0.0,1.0,0.0,0.0,0.0,0.0,0.0,0.0,0.0,0.0,0.0,0.0,1.0,0.0
947,-0.29372840076834533,1.1881764805409027,0.888255499331521,-1.0448260460408438,-0.7298052088181101,0.5355899327738313,1.0852228996424305,0.4413671029860676,-0.6264611874683179,0.34466498408393104,-0.20928164150109405,-0.5118298795680649,-0.6150831667853134,0.0,0.0,0.0,1.0,0.0,0.0,0.0,0.0,1.0,0.0,0.0,1.0,0.0,0.0,0.0,0.0,0.0,0.0,0.0,0.0,0.0,0.0,0.0,0.0,0.0,0.0
2124,0.8860688057816145,0.9650670585179077,0.05645576486281002,-0.17892493091761716,-0.7298052088181101,0.4456027938253833,1.6582255524826977,1.4844310536805974,-0.5850034758864179,0.4963272077882674,1.3956164847545571,0.295515993090026,0.08953648330064991,1.0,0.0,0.0,1.0,0.0,0.0,1.0,1.0,1.0,0.0,0.0,1.0,0.0,0.0,1.0,0.0,0.0,0.0,1.0,1.0,0.0,0.0,1.0,1.0,1.0,0.0
1056,0.5230542806893193,-0.15048005159706745,-0.2901274578324862,-0.15444791924207596,0.6498852470949834,0.5355899327738313,0.6900486563043151,0.8531028729970662,-0.2943439765083965,0.3142631495678481,0.3937494370880786,-0.3867835076963807,-0.0287055172675407,0.0,0.0,0.0,1.0,0.0,0.0,0.0,1.0,1.0,0.0,0.0,1.0,0.0,0.0,0.0,0.0,0.0,0.0,0.0,0.0,0.0,0.0,0.0,0.0,1.0,0.0
1692,0.8860688057816145,1.4112859025638977,-0.8446606141449603,0.0925507859167956,-0.7298052088181101,0.26562851592848935,1.0457054753086192,0.4413671029860676,-0.9062647050551711,0.8226063031361373,0.40706637636168735,-0.1099172645541717,0.12077081742878014,1.0,0.0,0.0,1.0,0.0,0.0,0.0,1.0,1.0,0.0,0.0,1.0,0.0,1.0,1.0,0.0,0.0,0.0,0.0,0.0,0.0,0.0,0.0,0.0,1.0,0.0
1651,1.4305905934200576,0.7419576364949126,-0.42876074691060473,1.0379239284579023,1.3397304750515302,-0.3642814567106463,1.2235338848107709,0.9903481296673992,-0.26374224671766466,-0.15623098290747234,1.0425628746142466,0.9632884174451752,0.8525039847540586,1.0,0.0,0.0,1.0,0.0,0.0,0.0,1.0,1.0,1.0,0.0,0.0,0.0,0.0,1.0,0.0,0.0,0.0,1.0,1.0,0.0,0.0,0.0,1.0,1.0,0.0
1118,-1.1105110822260098,-1.154472450700545,2.0666384564955282,1.8810224050668882,0.6498852470949834,0.4456027938253833,0.23559827646548226,-0.10761392369526382,-0.48307496826337815,-0.34249165916620916,-0.5147582385895222,0.6836631857213274,1.1845065580822325,0.0,0.0,0.0,0.0,0.0,0.0,1.0,0.0,0.0,0.0,0.0,1.0,0.0,1.0,0.0,0.0,0.0,0.0,0.0,0.0,0.0,0.0,1.0,0.0,0.0,0.0
934,-1.564279238591379,-0.5966988956430576,-0.8446606141449603,-0.38698854696670937,-1.419650436774657,0.7155642106707272,0.8678770658064668,0.9903481296673992,-0.5580340689958068,0.0168278832162312,0.44742913501650355,0.4911966742519001,1.4690008430594403,0.0,0.0,0.0,1.0,0.0,0.0,0.0,1.0,1.0,1.0,0.0,1.0,0.0,0.0,1.0,0.0,0.0,0.0,1.0,0.0,0.0,1.0,1.0,1.0,1.0,0.0
1180,-1.1105110822260098,-0.3735894736200625,0.333722343019047,-0.17702728031023238,-0.03995998086156337,-0.6342428735559902,0.7098073684712205,0.8714022405531107,-1.468471856100489,-0.15623098290747234,-0.2990408439189338,-0.2291623403318769,0.7950567393538234,0.0,1.0,0.0,1.0,0.0,0.0,0.0,1.0,1.0,1.0,0.0,1.0,0.0,0.0,1.0,0.0,0.0,1.0,1.0,0.0,1.0,0.0,0.0,1.0,0.0,0.0
715,-2.8348300764144128,-0.48514418463156,1.442788655643995,0.9255524453447127,-1.419650436774657,0.1756413769800414,1.361844869979111,1.6765744130190634,-1.1371618089189897,0.15257267587496642,1.0073892124822992,-0.36148371466462415,2.369251425620883,0.0,0.0,0.0,0.0,0.0,0.0,0.0,1.0,1.0,1.0,0.0,1.0,0.0,0.0,0.0,0.0,0.0,0.0,0.0,0.0,0.0,0.0,0.0,0.0,1.0,1.0
825,-0.9290038196798622,-0.038925340585569936,-0.012860879676249227,-0.9402669526836679,-0.03995998086156337,0.08565423803159344,1.0654641874755244,0.9903481296673992,-0.6495711890833844,0.4667621290633707,0.13391223481997047,-0.49841281765113693,-0.5423622701237787,1.0,0.0,0.0,0.0,1.0,0.0,0.0,0.0,1.0,0.0,0.0,1.0,0.0,0.0,0.0,0.0,0.0,0.0,0.0,0.0,0.0,0.0,0.0,0.0,0.0,0.0
2003,-2.108801026229822,0.6304029254834151,0.5416722766362247,1.8220196994444409,0.6498852470949834,0.5355899327738313,0.6307725198035977,0.3086966882047459,-0.4433923722709091,-0.4066262168618255,0.4367161617093793,0.8967865054503973,3.6239312984804903,1.0,0.0,0.0,1.0,0.0,0.0,1.0,1.0,1.0,0.0,0.0,1.0,0.0,1.0,0.0,0.0,0.0,0.0,0.0,0.0,0.0,0.0,1.0,0.0,1.0,0.0
217,-1.9272937636836744,0.9650670585179077,2.551854968268943,1.2532253064933738,1.3397304750515302,0.6255770717222792,0.670289944137409,0.9903481296673992,-1.0076581375639595,0.08897142462348796,-0.03760132196334737,0.734628308120427,2.411646476758667,0.0,0.0,0.0,1.0,0.0,0.0,1.0,0.0,1.0,0.0,0.0,1.0,0.0,0.0,0.0,0.0,0.0,0.0,0.0,0.0,0.0,0.0,1.0,0.0,0.0,0.0
1477,-0.2029747694952715,-0.7082536066545551,0.8189388547924618,0.33867784235634135,-0.7298052088181101,0.1756413769800414,0.5714963833028802,0.36816963276189013,-0.4569333930104761,-0.11977293853984056,0.296676058334323,-0.3117747026032309,0.30457159701413256,0.0,0.0,0.0,1.0,0.0,0.0,1.0,1.0,0.0,1.0,0.0,1.0,0.0,0.0,1.0,0.0,0.0,1.0,1.0,0.0,0.0,0.0,0.0,0.0,1.0,0.0
378,-0.8382501884067883,-0.038925340585569936,0.2644056984799878,1.1005233442225164,-0.7298052088181101,-0.4542685956590943,1.2828100213114884,0.9903481296673992,-0.5046881685942296,0.17004811244039753,0.7601199865019979,1.1779295538450445,1.3392469093654942,1.0,0.0,0.0,1.0,0.0,0.0,0.0,0.0,1.0,0.0,0.0,1.0,0.0,0.0,0.0,0.0,0.0,0.0,0.0,0.0,0.0,0.0,1.0,0.0,1.0,0.0
1826,-0.5659892945875669,-0.48514418463156,2.759804901886121,-0.2575023874598611,-0.03995998086156337,0.08565423803159344,1.5594319916481687,1.269413484897076,-0.022796324841099787,-0.15623098290747234,1.3250057627264953,0.1762709173123208,-0.3075531006028426,1.0,0.0,0.0,1.0,0.0,0.0,0.0,0.0,1.0,0.0,0.0,1.0,0.0,0.0,0.0,0.0,0.0,0.0,0.0,0.0,0.0,0.0,0.0,0.0,1.0,0.0
1001,-0.9290038196798622,1.6343953245868927,0.888255499331521,-1.0035926596064044,-0.03995998086156337,0.1756413769800414,0.2948744129661997,-0.38210443703592956,-0.5088079960127231,0.22726691063567883,-0.40689666280814407,-0.48819987130194015,-0.7561100248814288,0.0,0.0,0.0,1.0,0.0,0.0,0.0,0.0,1.0,0.0,0.0,1.0,0.0,0.0,0.0,0.0,0.0,0.0,0.0,0.0,0.0,0.0,0.0,0.0,0.0,1.0
1329,0.06928612432395001,2.1921688796443806,0.9575721438705803,1.31550783134621,0.6498852470949834,-1.354139985143573,-0.10029983037191573,0.002182281641002475,-0.7456340904707944,-0.15623098290747234,-0.016597955806685095,-0.49150150704282836,1.161259891545937,0.0,0.0,0.0,1.0,0.0,0.0,0.0,1.0,1.0,1.0,0.0,1.0,1.0,1.0,0.0,0.0,0.0,0.0,0.0,0.0,0.0,0.0,0.0,0.0,0.0,0.0
1682,-0.9290038196798622,-0.48514418463156,-1.052610547762138,-0.7507380736159833,-0.7298052088181101,-1.4441271240920208,1.1642577483100534,1.4752813699025753,-0.42437286130204127,-0.4825100782553422,-0.6520944540592444,-0.8015387040648619,-0.16366937893328495,1.0,0.0,0.0,1.0,0.0,0.0,0.0,0.0,1.0,0.0,0.0,1.0,0.0,1.0,0.0,0.0,0.0,0.0,0.0,0.0,1.0,0.0,0.0,0.0,0.0,0.0
132,-2.5625691825951913,0.8535123475064101,1.0962054329486988,2.0729819267752707,0.6498852470949834,0.1756413769800414,0.6307725198035977,0.7158576163267334,-1.147210626931736,-0.15623098290747234,1.2543950406984334,3.038152735977246,4.635143281949837,0.0,0.0,0.0,0.0,0.0,0.0,0.0,0.0,0.0,0.0,0.0,1.0,0.0,0.0,0.0,0.0,0.0,0.0,0.0,0.0,0.0,0.0,1.0,0.0,1.0,0.0
1723,-1.1105110822260098,0.1841840814374251,0.4030389875581063,1.9246424312794548,0.6498852470949834,-1.264152846195126,0.2553569886323883,0.4413671029860676,-0.1834269394254764,0.8226063031361373,-0.016597955806685095,-0.1099172645541717,2.190030669778698,1.0,0.0,0.0,1.0,0.0,0.0,0.0,0.0,1.0,1.0,0.0,1.0,0.0,0.0,0.0,0.0,0.0,0.0,0.0,0.0,0.0,0.0,0.0,0.0,1.0,0.0
1947,-1.2012647134990837,-0.26203476260856495,-0.498077391449664,-0.7487198415447252,-1.419650436774657,0.9855256275160711,0.670289944137409,0.4413671029860676,-0.9865800123473594,-0.15623098290747234,0.9719521525861847,-0.20531332517633585,0.062021648639426934,1.0,0.0,0.0,1.0,0.0,0.0,1.0,0.0,1.0,1.0,0.0,1.0,0.0,0.0,0.0,0.0,0.0,0.0,0.0,0.0,0.0,0.0,0.0,0.0,1.0,0.0
373,0.06928612432395001,0.5188482144719176,-0.012860879676249227,0.31047894679705873,-0.7298052088181101,0.08565423803159344,0.6110138076366917,0.34987026520584574,-0.42437286130204127,-0.8087891736032121,2.5253880372035518,2.2511352358443912,0.6876101176141891,1.0,0.0,0.0,1.0,0.0,1.0,1.0,1.0,0.0,1.0,0.0,1.0,0.0,1.0,1.0,1.0,0.0,0.0,1.0,0.0,0.0,1.0,0.0,1.0,1.0,0.0
1579,-0.2029747694952715,0.7419576364949126,1.3734720111049359,0.14394319595637933,-0.03995998086156337,0.3556156548769373,0.23559827646548226,0.4413671029860676,-0.9865800123473594,0.4963272077882674,-0.15781939986280882,-0.25301135548741793,-0.19337846203936238,0.0,0.0,0.0,1.0,0.0,0.0,0.0,1.0,0.0,0.0,0.0,1.0,0.0,1.0,0.0,0.0,0.0,0.0,0.0,0.0,0.0,0.0,0.0,1.0,0.0,0.0
1153,-1.8365401324106005,0.1841840814374251,0.19508905394092854,0.9334246701762541,-0.7298052088181101,1.7054227391036547,0.670289944137409,0.4413671029860676,-0.9062647050551711,-0.8087891736032121,0.110005936193649,1.8695509933557348,3.1489031437332415,0.0,0.0,0.0,1.0,0.0,1.0,1.0,0.0,1.0,0.0,0.0,1.0,0.0,0.0,0.0,0.0,0.0,0.0,0.0,0.0,0.0,0.0,1.0,0.0,1.0,0.0
176,1.5213442246931315,1.9690594576213853,-0.7060273250668417,0.268024083106592,2.7194209309646236,-0.004332900916854509,0.07752857913023593,0.1851759572014463,-0.35852122567513445,0.2887837539888619,-0.7674205138083039,0.8479131327110501,-0.7295173456185874,1.0,0.0,0.0,1.0,0.0,0.0,0.0,1.0,0.0,0.0,0.0,0.0,0.0,1.0,1.0,0.0,0.0,1.0,0.0,0.0,0.0,1.0,1.0,1.0,0.0,0.0
1861,1.3398369621469837,0.5188482144719176,-1.8150936376917897,0.07513295867527607,-0.7298052088181101,-0.7242300125044382,0.5517376711359748,1.1962160146728984,-0.45877154310505175,0.3046328524035295,0.6273598224420682,-0.2598372975920169,0.11882721264220523,1.0,0.0,0.0,1.0,0.0,0.0,0.0,1.0,1.0,1.0,0.0,0.0,0.0,1.0,0.0,0.0,0.0,0.0,0.0,0.0,0.0,0.0,0.0,0.0,1.0,0.0
1578,1.24908333087391,1.0766217695294051,-0.498077391449664,1.170972104181633,-0.03995998086156337,0.26562851592848935,0.07752857913023593,0.7387318257717889,-0.4984927978265869,0.7390784077247197,0.43171593545189957,-0.1046844994325709,-0.28650579296458184,1.0,0.0,0.0,1.0,0.0,0.0,1.0,1.0,0.0,1.0,0.0,0.0,0.0,0.0,1.0,0.0,0.0,1.0,0.0,0.0,0.0,1.0,0.0,1.0,1.0,0.0
466,-0.9290038196798622,-1.0429177396890477,2.3439050346517654,-0.6423326835269166,-0.7298052088181101,0.7155642106707272,0.670289944137409,0.4413671029860676,-0.6192897405144421,0.02452390001961036,-0.3034254357681608,-0.4178010459710965,-0.04858523411463015,0.0,0.0,0.0,1.0,0.0,0.0,0.0,0.0,1.0,0.0,0.0,1.0,0.0,0.0,0.0,0.0,0.0,0.0,0.0,0.0,0.0,0.0,0.0,0.0,0.0,0.0
1266,-0.021467506949123822,-0.93136302867755,-1.1219271923011973,-0.14275915063472017,0.6498852470949834,-0.7242300125044382,0.7493247928050326,0.3041218463157348,-0.022796324841099787,2.7802808752233563,0.7601199865019979,1.0348354629117984,0.2198904517743918,1.0,0.0,0.0,1.0,0.0,0.0,0.0,1.0,0.0,0.0,0.0,1.0,0.0,1.0,0.0,0.0,0.0,1.0,1.0,0.0,1.0,1.0,0.0,1.0,1.0,0.0
1769,-0.6567429258606406,0.5188482144719176,-0.8446606141449603,-0.2977574051661085,2.029575703008077,-2.2540113746280523,0.5912550954697863,0.1806011153124352,-0.42437286130204127,-1.135068268951082,-0.6520944540592444,-0.25301135548741793,1.093340096834957,1.0,0.0,1.0,1.0,0.0,0.0,1.0,1.0,0.0,1.0,0.0,1.0,0.0,0.0,1.0,0.0,0.0,1.0,1.0,1.0,0.0,1.0,1.0,1.0,1.0,0.0
507,-1.0197574509529361,0.5188482144719176,-1.052610547762138,0.14393667285663622,-1.419650436774657,1.075512766464519,1.4211210064798285,1.5393291563487306,-0.05227128419988623,0.3610028714229654,0.25597907583061064,-0.48245913739704693,0.3254108213618713,1.0,0.0,0.0,1.0,0.0,1.0,1.0,0.0,1.0,1.0,1.0,1.0,0.0,0.0,1.0,0.0,0.0,0.0,0.0,0.0,0.0,1.0,0.0,0.0,1.0,0.0
1455,-0.3844820320414192,-0.038925340585569936,0.5416722766362247,1.716113997840439,0.6498852470949834,1.8853970170005507,-0.06078240603810432,0.5786123596564006,-0.8259493977629827,1.475164493831877,0.40706637636168735,-0.5630485525094515,2.424199475406128,1.0,0.0,0.0,0.0,1.0,0.0,0.0,0.0,1.0,0.0,0.0,1.0,0.0,1.0,0.0,0.0,0.0,0.0,0.0,0.0,0.0,0.0,0.0,0.0,1.0,0.0
1371,0.9768224370546884,2.749942434701868,-1.4685104149964936,-0.6624809359181498,-0.03995998086156337,0.08565423803159344,0.6110138076366917,0.7158576163267334,-0.10311163213328808,2.4540017798754867,1.466227206782619,-0.7299916585982388,-0.6553642444415787,1.0,0.0,0.0,1.0,0.0,0.0,0.0,1.0,1.0,0.0,0.0,1.0,0.0,0.0,1.0,0.0,0.0,0.0,0.0,0.0,0.0,0.0,0.0,1.0,1.0,0.0
503,0.43230064941624535,0.07262937042592758,-0.42876074691060473,-0.7056262949974041,0.6498852470949834,1.5254484612067587,1.243292596977677,1.3334612713432312,-0.1889072084782031,0.48951051967244336,0.352148925434152,-0.5008996749227808,-0.33532266570659214,0.0,0.0,0.0,1.0,0.0,1.0,1.0,0.0,1.0,0.0,0.0,1.0,0.0,0.0,0.0,0.0,0.0,0.0,0.0,0.0,0.0,0.0,0.0,0.0,1.0,1.0
1787,-0.475235663314493,2.3037235906558777,-0.42876074691060473,0.3433646305852815,-0.03995998086156337,-0.004332900916854509,-0.001506269537386865,0.4413671029860676,-0.9865800123473594,0.17004811244039753,-0.7933158981153681,-0.5868975676649926,0.6903746103283082,1.0,0.0,0.0,0.0,1.0,0.0,1.0,1.0,1.0,0.0,0.0,0.0,1.0,1.0,0.0,0.0,0.0,0.0,0.0,0.0,0.0,0.0,0.0,0.0,0.0,0.0
1211,0.43230064941624535,1.2997311915524004,-1.1912438368402565,0.9561722704982284,-0.03995998086156337,0.08565423803159344,0.2158395642985762,0.9903481296673992,-0.022796324841099787,0.4963272077882674,0.05401276622137677,-0.5868975676649926,0.145235206363496,1.0,0.0,0.0,1.0,0.0,1.0,1.0,0.0,0.0,0.0,0.0,1.0,0.0,0.0,0.0,0.0,0.0,0.0,0.0,0.0,0.0,0.0,0.0,0.0,1.0,0.0
77,0.25079338687009767,2.080614168632883,-1.607143704074612,-0.6930131781041895,1.3397304750515302,-0.9042042904013341,-0.001506269537386865,-0.3317811762568075,-0.022796324841099787,0.4963272077882674,1.607448650838744,-0.03837021908754856,-0.5139185302420192,1.0,0.0,0.0,1.0,0.0,1.0,1.0,0.0,0.0,0.0,0.0,0.0,0.0,0.0,1.0,0.0,0.0,0.0,0.0,1.0,0.0,0.0,0.0,0.0,1.0,0.0
2102,-0.2029747694952715,-0.038925340585569936,-0.9832939032230787,0.0751727395909328,0.6498852470949834,-0.7242300125044382,-0.5745089223776543,-0.38210443703592956,-0.5046881685942296,-0.8087891736032121,1.3250057627264953,-0.44380347673174625,0.7983741308449351,1.0,0.0,0.0,1.0,0.0,0.0,0.0,0.0,0.0,0.0,0.0,1.0,0.0,0.0,1.0,0.0,0.0,0.0,0.0,0.0,1.0,0.0,0.0,0.0,0.0,0.0
1284,0.613807911962393,-0.8198083176660526,-0.6367106805277825,-0.6965519590109358,-0.03995998086156337,0.26562851592848935,0.05776986696333059,0.16687658964540192,-0.9062647050551711,0.4963272077882674,-0.02882616954055944,-0.18146431002079483,-0.5021584902554886,1.0,0.0,0.0,1.0,0.0,0.0,1.0,0.0,1.0,0.0,0.0,1.0,0.0,0.0,1.0,0.0,0.0,0.0,1.0,0.0,1.0,0.0,0.0,0.0,0.0,0.0
583,0.3415470181431715,-0.038925340585569936,0.888255499331521,-0.36100657694203253,-0.03995998086156337,1.4354613222583108,1.0061880509748071,1.4020838996783977,-0.34607994380516804,0.06258812175269823,-0.19483868222269707,0.6221869862298824,-0.4687316039310813,0.0,0.0,0.0,1.0,0.0,0.0,0.0,0.0,0.0,0.0,0.0,0.0,0.0,0.0,0.0,0.0,0.0,1.0,0.0,0.0,1.0,0.0,1.0,1.0,1.0,0.0
426,-1.3827719760452313,-1.37758187272354,2.3439050346517654,-0.42555917445967884,-0.5918361632268008,0.8955384885676231,0.9469119144740903,1.5393291563487306,-0.6003170219664403,-0.08386875293656369,0.41876835874689816,-0.3241181919926087,0.385765105287444,0.0,0.0,0.0,1.0,0.0,0.0,0.0,0.0,1.0,0.0,0.0,1.0,0.0,0.0,0.0,0.0,0.0,0.0,0.0,0.0,0.0,0.0,0.0,0.0,1.0,0.0
573,-1.2920183447721576,1.0766217695294051,-2.0230435713089676,0.5648355443239311,2.7194209309646236,-1.4441271240920208,0.17632213996476478,-0.6565949503765953,-0.9865800123473594,-0.8087891736032121,1.1131735966423084,2.942756675355082,1.511736151072722,1.0,0.0,0.0,1.0,0.0,0.0,0.0,0.0,1.0,0.0,0.0,1.0,0.0,0.0,1.0,1.0,0.0,0.0,0.0,0.0,0.0,0.0,0.0,0.0,1.0,0.0
209,-0.021467506949123822,0.9650670585179077,0.19508905394092854,1.7548400625773521,0.6498852470949834,0.26562851592848935,0.7098073684712205,-0.4324276978150516,-0.8259493977629827,2.1277226845276167,1.607448650838744,-0.20531332517633585,1.1291750201132706,0.0,0.0,0.0,1.0,0.0,0.0,0.0,0.0,0.0,1.0,0.0,0.0,1.0,1.0,0.0,0.0,0.0,0.0,0.0,0.0,0.0,0.0,0.0,0.0,1.0,0.0
1779,-0.6567429258606406,-0.7082536066545551,-0.012860879676249227,-0.16639702476368454,-0.7298052088181101,-0.9042042904013341,1.243292596977677,1.03609654855751,-1.3078412415161125,0.17004811244039753,0.4776770983897492,-0.08606824939863064,0.9935256434362645,1.0,0.0,0.0,1.0,0.0,0.0,0.0,1.0,1.0,0.0,0.0,1.0,0.0,1.0,0.0,0.0,0.0,0.0,0.0,0.0,0.0,0.0,0.0,0.0,1.0,0.0
619,-2.4718155513221176,0.5188482144719176,-0.2901274578324862,-0.042062281048186136,-0.03995998086156337,-0.3642814567106463,1.124740323976242,0.7433066676608,-0.9865800123473594,-0.15623098290747234,0.6940616408147389,-0.7061426434426977,1.3675452634835943,1.0,0.0,0.0,1.0,0.0,1.0,1.0,0.0,1.0,0.0,0.0,0.0,0.0,0.0,0.0,0.0,1.0,0.0,0.0,0.0,0.0,0.0,0.0,0.0,1.0,0.0
76,1.158329699600836,0.40729350346042015,-0.3594441023715455,-0.10318945072339288,0.6498852470949834,0.26562851592848935,0.5319789589690688,0.3224212138717792,-0.7456340904707944,0.8226063031361373,0.8307307085300598,-0.37225643126512314,-0.44722044950066914,1.0,0.0,0.0,1.0,0.0,0.0,1.0,1.0,0.0,1.0,0.0,1.0,0.0,0.0,0.0,0.0,1.0,1.0,1.0,0.0,0.0,0.0,0.0,0.0,1.0,0.0
1271,0.613807911962393,0.5188482144719176,-0.6367106805277825,-0.89792763747694,2.7194209309646236,0.6255770717222792,1.3420861578122056,2.0517114479179734,-0.5046881685942296,1.148885398484007,0.8307307085300598,-0.5391995373539105,0.48864794139190115,0.0,0.0,0.0,0.0,0.0,0.0,0.0,1.0,1.0,0.0,0.0,0.0,0.0,0.0,1.0,0.0,0.0,0.0,1.0,0.0,0.0,1.0,0.0,1.0,1.0,0.0
25,1.5213442246931315,2.8614971457133653,-1.7457769931527305,-0.8778158938957458,1.3397304750515302,-1.264152846195126,0.8481183536395615,0.8942764499981661,-0.8259493977629827,0.8226063031361373,0.5482878204178123,-0.825387719220403,-0.31004656474898057,1.0,0.0,0.0,0.0,0.0,0.0,0.0,1.0,0.0,1.0,0.0,1.0,0.0,0.0,1.0,0.0,0.0,0.0,1.0,0.0,0.0,0.0,1.0,1.0,1.0,1.0
1646,-1.7457865011375266,-0.7082536066545551,-0.9139772586840195,-0.7518565118280262,-0.7298052088181101,0.26562851592848935,2.5671263121603634,1.5393291563487306,-0.42437286130204127,-0.8087891736032121,1.0425628746142466,-0.896934764687026,0.6567128445193651,1.0,0.0,0.0,1.0,0.0,0.0,0.0,0.0,1.0,0.0,0.0,1.0,0.0,0.0,0.0,0.0,0.0,0.0,0.0,0.0,1.0,0.0,0.0,0.0,1.0,0.0
930,-1.0197574509529361,-1.37758187272354,1.3041553665658765,1.3410068828102015,-0.7298052088181101,0.1756413769800414,1.0457054753086192,0.9903481296673992,-0.6501868169169761,0.08779339394973194,0.9795669491283839,-0.10693340193920044,1.8936264832424168,1.0,0.0,0.0,1.0,0.0,0.0,1.0,1.0,1.0,0.0,0.0,1.0,0.0,0.0,0.0,0.0,0.0,0.0,0.0,0.0,0.0,0.0,0.0,0.0,1.0,0.0
2070,1.793605118512353,2.749942434701868,-0.8446606141449603,0.2065987480627981,-0.03995998086156337,-0.9941914293497821,0.15656342779785945,0.9903481296673992,-0.5850034758864179,1.148885398484007,0.33645565433362545,-0.873085749531485,0.18159951557586304,1.0,0.0,0.0,0.0,1.0,0.0,1.0,1.0,0.0,0.0,0.0,0.0,0.0,0.0,1.0,0.0,1.0,1.0,0.0,1.0,0.0,0.0,0.0,0.0,1.0,0.0
364,-0.2029747694952715,-0.7082536066545551,-0.6367106805277825,1.2370409561050584,2.7194209309646236,0.3556156548769373,0.5714963833028802,0.601486569101456,-0.19831570057595102,0.2483298543730712,0.38790591756902565,0.1412804548120575,0.8164312518135277,1.0,0.0,0.0,1.0,0.0,0.0,0.0,1.0,1.0,0.0,0.0,1.0,0.0,0.0,0.0,0.0,0.0,1.0,0.0,0.0,0.0,0.0,0.0,1.0,1.0,0.0
2117,1.158329699600836,1.2997311915524004,-1.884410282230849,-0.46232951016589807,1.3397304750515302,-0.18430717881375042,0.2948744129661997,0.6060614109904671,-0.6653187831786062,1.148885398484007,1.7486700948948677,-0.30070938579850004,-0.054379761816735865,1.0,0.0,0.0,1.0,0.0,0.0,0.0,1.0,0.0,1.0,0.0,1.0,0.0,0.0,0.0,0.0,0.0,1.0,0.0,0.0,0.0,1.0,0.0,1.0,1.0,0.0
1902,0.16003975559702385,-0.48514418463156,-0.9832939032230787,-0.5764341823585507,-0.03995998086156337,-1.6241014019889168,0.41342668596763393,-0.10761392369526382,-0.7456340904707944,-0.8087891736032121,0.40706637636168735,-0.32455840095404104,-0.054794435758979146,1.0,0.0,0.0,1.0,0.0,0.0,0.0,0.0,1.0,1.0,0.0,1.0,0.0,1.0,0.0,0.0,0.0,0.0,0.0,0.0,1.0,0.0,0.0,0.0,0.0,1.0
1476,-0.6567429258606406,-0.26203476260856495,-1.607143704074612,0.7951037612858104,2.029575703008077,0.1756413769800414,0.43318539813454,0.4413671029860676,-0.9062647050551711,-0.15623098290747234,-0.7227051760873062,-0.276860370642959,0.8438039633382264,1.0,0.0,0.0,1.0,0.0,1.0,1.0,0.0,1.0,0.0,0.0,1.0,0.0,0.0,0.0,0.0,0.0,0.0,0.0,0.0,1.0,0.0,0.0,0.0,0.0,0.0
497,1.3398369621469837,0.2957387924489226,-0.08217752421530848,-0.5463597967510542,-0.7298052088181101,0.1756413769800414,0.19608085213167084,0.16687658964540192,-0.12379692297399539,0.03286929379248894,-0.29158236751148164,-0.3226071492052813,-0.83399699726112,1.0,0.0,0.0,1.0,0.0,0.0,0.0,1.0,1.0,0.0,0.0,1.0,0.0,1.0,1.0,0.0,0.0,0.0,0.0,0.0,0.0,0.0,0.0,0.0,0.0,0.0
2092,-0.11222113822219766,1.0766217695294051,-0.15149416875436772,-1.3869174142952363,0.6498852470949834,-0.9941914293497821,0.35415054946691715,0.45509162865310093,-1.147210626931736,-0.8087891736032121,0.4218588452980855,-0.5153505221983694,0.3311938122694302,0.0,0.0,0.0,1.0,0.0,1.0,0.0,1.0,0.0,0.0,0.0,0.0,0.0,0.0,0.0,0.0,0.0,0.0,0.0,0.0,1.0,0.0,0.0,0.0,1.0,0.0
1815,1.158329699600836,-0.5966988956430576,-0.08217752421530848,0.023417784506324008,-0.7298052088181101,-0.09432003986530246,0.5912550954697863,0.7021330906597001,-0.5850034758864179,-0.15623098290747234,0.8307307085300598,-0.9207837798425671,-0.688294232732936,1.0,0.0,0.0,1.0,0.0,0.0,0.0,0.0,0.0,0.0,0.0,1.0,0.0,1.0,1.0,0.0,0.0,0.0,0.0,0.0,0.0,0.0,0.0,0.0,1.0,0.0
1326,-0.29372840076834533,-1.154472450700545,2.1359551010345874,0.24966558364437802,2.029575703008077,0.1756413769800414,0.788842217138844,0.5786123596564006,0.05751898245108851,1.801443589179747,0.8307307085300598,-0.25301135548741793,-0.10513585043648144,1.0,0.0,0.0,1.0,0.0,0.0,0.0,1.0,1.0,0.0,0.0,1.0,0.0,0.0,1.0,0.0,0.0,0.0,0.0,0.0,1.0,0.0,0.0,0.0,0.0,0.0
330,0.16003975559702385,1.1881764805409027,0.9575721438705803,-0.20691098919231504,1.0637923838689114,0.1756413769800414,0.3343918373000111,0.09825396131023548,-0.344057554009853,0.17004811244039753,-0.36965156594699566,3.4435859936214435,-0.1312326628988586,1.0,0.0,0.0,1.0,0.0,0.0,1.0,0.0,1.0,0.0,0.0,1.0,0.0,1.0,1.0,1.0,1.0,0.0,0.0,1.0,0.0,0.0,1.0,0.0,0.0,1.0
642,-0.6567429258606406,2.1921688796443806,-1.4685104149964936,0.1442101791207562,0.6498852470949834,0.3556156548769373,1.2630513091445823,1.264838643008065,-0.8299184623464917,0.5660250426665598,0.6462445131781708,-0.44922603193437066,0.002256757200523695,0.0,0.0,0.0,1.0,0.0,0.0,1.0,0.0,1.0,0.0,0.0,0.0,0.0,0.0,0.0,0.0,0.0,0.0,0.0,0.0,0.0,0.0,0.0,0.0,1.0,0.0
988,-1.564279238591379,1.6343953245868927,0.333722343019047,-0.25790682157913464,-0.5918361632268008,0.5355899327738313,1.6384668403157923,1.5393291563487306,-0.7597458306595655,0.16721341597397155,0.9774390074627733,-0.3489328479526379,0.36345595674718956,0.0,0.0,0.0,1.0,0.0,0.0,1.0,0.0,1.0,1.0,0.0,1.0,0.0,0.0,1.0,0.0,0.0,0.0,0.0,0.0,0.0,0.0,0.0,1.0,1.0,0.0
1873,0.16003975559702385,-0.7082536066545551,-1.3991937704574342,0.9141024876687601,1.3397304750515302,0.1756413769800414,0.452944110301446,0.5877620434344227,0.05751898245108851,-0.8087891736032121,-0.22843012189087195,-0.06221923424308961,-0.09116377838298925,1.0,0.0,0.0,1.0,0.0,0.0,1.0,0.0,0.0,0.0,0.0,1.0,0.0,1.0,1.0,0.0,1.0,0.0,0.0,0.0,0.0,0.0,1.0,0.0,1.0,0.0
1862,-1.7457865011375266,0.40729350346042015,0.6803055657143433,0.6784981282887298,-0.7298052088181101,0.08565423803159344,1.9546062349862843,1.8138196696893962,-0.0684700868001241,-0.028236095307502165,1.5368379288106808,-0.1040927364429083,0.9702967884818315,1.0,0.0,0.0,1.0,0.0,0.0,0.0,0.0,0.0,0.0,0.0,1.0,1.0,0.0,1.0,0.0,0.0,0.0,0.0,0.0,1.0,0.0,0.0,0.0,1.0,0.0
1117,-0.6567429258606406,-0.038925340585569936,-0.498077391449664,0.8635810372341561,0.6498852470949834,0.08565423803159344,0.43318539813454,0.45051678676408985,-0.02246395391673456,0.2851564472928538,0.4727725524850458,0.694069372460118,0.41129509471022424,1.0,0.0,1.0,1.0,0.0,1.0,0.0,0.0,1.0,0.0,0.0,1.0,0.0,0.0,0.0,0.0,0.0,0.0,0.0,0.0,1.0,0.0,1.0,0.0,1.0,1.0
1839,1.0675760683277622,1.1881764805409027,-1.4685104149964936,0.22633356404192012,1.3397304750515302,0.8955384885676231,1.0852228996424305,0.5786123596564006,-0.10311163213328808,-0.4825100782553422,0.33645565433362545,-1.0877268859313545,0.2866936081567808,1.0,0.0,0.0,0.0,1.0,0.0,0.0,1.0,0.0,0.0,0.0,0.0,1.0,0.0,1.0,0.0,1.0,0.0,0.0,0.0,0.0,0.0,0.0,0.0,1.0,0.0
1962,0.613807911962393,0.5188482144719176,-1.052610547762138,0.7142638142717749,-0.03995998086156337,-1.7140885409373647,0.31463312513310504,-0.38210443703592956,-0.8259493977629827,0.17004811244039753,1.1837843186703703,-0.5868975676649926,1.4328848649947306,1.0,0.0,0.0,0.0,1.0,0.0,1.0,1.0,0.0,1.0,0.0,0.0,0.0,1.0,1.0,0.0,0.0,1.0,0.0,0.0,0.0,1.0,0.0,1.0,1.0,0.0
1245,-0.3844820320414192,0.40729350346042015,0.8189388547924618,-0.347965015827584,0.6498852470949834,-0.004332900916854509,1.1840164604769594,1.5393291563487306,-0.7456340904707944,1.475164493831877,1.3956164847545571,-0.32455840095404104,0.9378780286285053,0.0,0.0,0.0,1.0,0.0,0.0,0.0,0.0,1.0,0.0,0.0,1.0,0.0,1.0,0.0,0.0,0.0,0.0,0.0,0.0,1.0,0.0,0.0,0.0,1.0,1.0
2057,-2.0180473949567483,0.1841840814374251,-0.9139772586840195,1.4539345936186974,-0.03995998086156337,-0.9941914293497821,0.5714963833028802,0.24922374364760164,-0.344057554009853,-0.15623098290747234,0.5482878204178123,-0.18146431002079483,1.6924219578204092,1.0,0.0,0.0,1.0,0.0,0.0,0.0,1.0,0.0,0.0,0.0,1.0,0.0,1.0,1.0,0.0,0.0,0.0,1.0,1.0,1.0,1.0,0.0,1.0,1.0,0.0
1124,-0.6567429258606406,-1.4891365837350377,1.92800516741741,-1.4640708965306293,-1.419650436774657,1.1654999054129669,1.7767778254841327,0.8988512918871772,-0.8149645286973923,-0.48702872070960623,-0.2169389146292364,-0.56656547714984,0.21432796201203305,0.0,0.0,0.0,1.0,0.0,0.0,0.0,0.0,1.0,0.0,0.0,1.0,0.0,1.0,0.0,0.0,0.0,0.0,0.0,0.0,1.0,0.0,0.0,0.0,0.0,0.0
1169,-0.7474965571337145,0.6304029254834151,-0.7060273250668417,1.1467693452374474,-0.03995998086156337,0.9855256275160711,1.2630513091445823,1.264838643008065,-0.42437286130204127,-0.8087891736032121,1.2543950406984334,-0.7776896889093209,0.5647799061525483,1.0,0.0,0.0,1.0,0.0,0.0,0.0,0.0,1.0,0.0,0.0,1.0,0.0,1.0,0.0,0.0,0.0,0.0,0.0,0.0,0.0,0.0,0.0,1.0,1.0,0.0
1586,-2.653322813868265,-1.7122460057580327,1.0962054329486988,0.2842120852555564,-1.419650436774657,0.08565423803159344,0.5714963833028802,0.4413671029860676,-1.3881565488083007,0.17004811244039753,-2.7704161149011077,-0.4676524918872873,0.4411095056805617,1.0,0.0,0.0,1.0,0.0,0.0,0.0,0.0,1.0,1.0,1.0,1.0,0.0,0.0,0.0,0.0,0.0,0.0,0.0,0.0,0.0,0.0,0.0,0.0,0.0,0.0
1771,-1.4735256073183052,-0.038925340585569936,-0.9139772586840195,0.6345248311344591,-0.3158980720441821,-2.7939342083187393,-0.13981725470572748,-0.4095534883699961,-0.5698461680571393,-0.3803295574048129,0.39352340298747357,-0.2664632216315563,0.8030182537089338,1.0,0.0,0.0,1.0,0.0,0.0,1.0,0.0,1.0,0.0,0.0,1.0,0.0,1.0,1.0,0.0,0.0,0.0,0.0,0.0,0.0,0.0,0.0,0.0,0.0,1.0
1603,-0.3844820320414192,-1.0429177396890477,0.6803055657143433,-0.5381605902414596,-0.7298052088181101,0.26562851592848935,1.4408797186467346,1.1962160146728984,-0.5046881685942296,0.4963272077882674,0.2658449323055636,4.087509402821052,-0.034572983681887985,1.0,0.0,0.0,1.0,0.0,0.0,0.0,0.0,1.0,0.0,0.0,0.0,0.0,0.0,1.0,0.0,0.0,0.0,0.0,0.0,0.0,0.0,1.0,0.0,1.0,0.0
853,-0.8382501884067883,-1.37758187272354,-0.8446606141449603,-0.29243404382226684,-0.7298052088181101,0.4456027938253833,0.6110138076366917,0.9903481296673992,-0.37702297461865214,0.07595326394006291,0.6706756648318631,-0.5370549998547306,0.484445532785139,0.0,0.0,0.0,1.0,0.0,0.0,1.0,1.0,1.0,0.0,0.0,1.0,0.0,0.0,1.0,0.0,0.0,0.0,0.0,0.0,0.0,1.0,0.0,1.0,1.0,0.0
1288,-0.3844820320414192,-0.5966988956430576,0.4723556320971655,-0.07753358888871131,-1.419650436774657,0.26562851592848935,1.144499036143148,1.1275933863377319,0.05751898245108851,-0.15623098290747234,0.05401276622137677,-0.20531332517633585,0.6093912317935448,1.0,0.0,0.0,1.0,0.0,1.0,0.0,1.0,1.0,0.0,0.0,1.0,0.0,1.0,1.0,0.0,1.0,1.0,0.0,1.0,1.0,0.0,0.0,1.0,1.0,0.0
1678,0.3415470181431715,1.7459500355983903,-0.42876074691060473,0.4440767979121201,0.6498852470949834,0.1756413769800414,1.5989494159819801,1.319736745676198,-0.1834269394254764,-0.4825100782553422,-0.6520944540592444,3.8967172815767235,-0.9104835693705122,1.0,0.0,0.0,1.0,0.0,0.0,0.0,1.0,1.0,0.0,0.0,0.0,1.0,0.0,0.0,1.0,0.0,0.0,0.0,0.0,0.0,0.0,0.0,0.0,1.0,1.0
2066,1.158329699600836,1.5228406135753954,-1.052610547762138,0.6324517765600305,-0.03995998086156337,0.26562851592848935,1.697742976816509,1.2602638011190537,-0.3041777567110924,0.3302555856518991,0.6527550879515802,-0.1577382460779868,-0.1874367301357375,1.0,0.0,0.0,1.0,0.0,0.0,1.0,0.0,0.0,0.0,0.0,1.0,0.0,0.0,1.0,0.0,0.0,1.0,0.0,1.0,0.0,0.0,0.0,1.0,1.0,0.0
1813,-0.8382501884067883,2.080614168632883,-0.2901274578324862,4.0472328885709405,0.6498852470949834,-0.7242300125044382,-0.17933467903953887,-0.7206427368227506,-0.7036995321314842,0.11350428128408298,-0.06834890703466237,0.9301296475502135,4.392080709022682,1.0,0.0,0.0,1.0,0.0,0.0,1.0,0.0,1.0,0.0,0.0,1.0,0.0,1.0,0.0,0.0,1.0,0.0,0.0,1.0,0.0,0.0,1.0,0.0,0.0,0.0
1974,-1.2012647134990837,-0.15048005159706745,-1.1219271923011973,0.33249223939890715,1.3397304750515302,2.605294128588134,2.0336410836539076,0.7661808771058555,-0.1834269394254764,-0.15623098290747234,-0.22843012189087195,-0.41995446157620525,0.07118350315960012,1.0,0.0,0.0,0.0,1.0,0.0,0.0,0.0,1.0,0.0,0.0,1.0,0.0,1.0,0.0,0.0,1.0,0.0,0.0,1.0,0.0,0.0,0.0,0.0,0.0,0.0
1450,1.3398369621469837,0.6304029254834151,-0.9832939032230787,0.03411423232698624,0.6498852470949834,-0.3642814567106463,-0.21885210337335062,0.0891042775322133,-0.27904131379503455,0.756535243118923,-0.11509244595197779,-0.22106557440661456,-0.630329796605625,1.0,0.0,0.0,1.0,0.0,0.0,0.0,0.0,1.0,1.0,0.0,1.0,0.0,0.0,0.0,0.0,0.0,0.0,0.0,0.0,0.0,0.0,0.0,0.0,0.0,0.0
284,-1.0197574509529361,-0.93136302867755,0.2644056984799878,-1.3982316333343734,0.37394715591236466,-1.264152846195126,0.452944110301446,0.9903481296673992,-0.022796324841099787,0.4963272077882674,-0.15781939986280882,-0.3961054464206642,-0.611148620643779,0.0,0.0,0.0,1.0,0.0,0.0,0.0,0.0,1.0,1.0,0.0,1.0,0.0,1.0,0.0,0.0,1.0,0.0,0.0,1.0,0.0,0.0,0.0,0.0,0.0,0.0
1121,0.613807911962393,-0.7082536066545551,-1.052610547762138,0.21989517768680444,-0.03995998086156337,0.6255770717222792,-0.12005854253882177,0.16687658964540192,-0.03642815825925273,0.4746546996565781,0.15774012941887366,0.5992472839392905,-0.2191221878686352,1.0,0.0,0.0,0.0,0.0,0.0,1.0,1.0,0.0,1.0,0.0,0.0,0.0,0.0,1.0,0.0,0.0,0.0,0.0,0.0,0.0,1.0,1.0,1.0,1.0,0.0
494,-0.8382501884067883,-1.0429177396890477,-0.5673940359887233,1.2461512611510406,1.3397304750515302,0.5355899327738313,0.6307725198035977,0.6701091974366225,-0.7795856042712676,-0.0281491256146305,0.3846106330918818,0.09191931056722186,1.2612974281989975,1.0,0.0,0.0,1.0,0.0,0.0,0.0,1.0,1.0,1.0,0.0,0.0,0.0,0.0,1.0,0.0,0.0,1.0,1.0,1.0,0.0,0.0,0.0,1.0,1.0,0.0
153,-0.021467506949123822,1.0766217695294051,-1.1912438368402565,-0.996376028642011,-0.03995998086156337,-0.004332900916854509,0.9666706266409957,1.264838643008065,-0.2414418792995573,0.15123777673774785,0.3014436801635138,-0.5093635368853718,-0.4561113990003233,0.0,0.0,0.0,1.0,0.0,1.0,0.0,1.0,1.0,0.0,0.0,1.0,0.0,0.0,0.0,0.0,0.0,1.0,0.0,1.0,0.0,0.0,0.0,1.0,1.0,0.0
1466,-0.7474965571337145,0.7419576364949126,1.1655220774877582,0.7226192117056429,-0.03995998086156337,0.08565423803159344,0.35415054946691715,0.4413671029860676,-1.3881565488083007,-0.4825100782553422,-0.016597955806685095,-0.6822936282871567,0.8073817699856302,1.0,0.0,1.0,0.0,1.0,0.0,0.0,1.0,1.0,1.0,0.0,1.0,0.0,1.0,0.0,0.0,0.0,0.0,0.0,0.0,0.0,0.0,0.0,0.0,0.0,0.0
886,0.43230064941624535,0.9650670585179077,-0.5673940359887233,-0.7453703053003938,-0.03995998086156337,0.5355899327738313,0.6505312319705038,0.9903481296673992,-0.17247087801493613,0.26179723285217854,0.20981416424213287,-0.32473778082070426,-0.2560890509317242,0.0,0.0,0.0,1.0,0.0,0.0,0.0,1.0,1.0,1.0,0.0,1.0,0.0,0.0,0.0,0.0,0.0,1.0,0.0,0.0,0.0,0.0,0.0,1.0,1.0,0.0
1241,-0.2029747694952715,1.0766217695294051,-0.42876074691060473,1.5828498846092514,2.029575703008077,-1.5341142630404687,-0.5547502102107486,-1.1140791392777047,-0.7456340904707944,1.148885398484007,0.05401276622137677,2.036494099444522,1.0848840011022067,1.0,0.0,0.0,0.0,0.0,0.0,0.0,1.0,0.0,0.0,0.0,1.0,0.0,0.0,0.0,0.0,0.0,0.0,0.0,0.0,0.0,0.0,1.0,0.0,1.0,0.0
1548,-0.021467506949123822,0.5188482144719176,1.3734720111049359,0.3759544753156107,-0.03995998086156337,0.3556156548769373,-0.021264981704292918,0.16687658964540192,-0.344057554009853,-0.8087891736032121,1.3250057627264953,-0.5391995373539105,0.08283665358668928,1.0,0.0,0.0,1.0,0.0,0.0,1.0,0.0,1.0,0.0,0.0,1.0,0.0,0.0,1.0,0.0,0.0,0.0,0.0,0.0,0.0,0.0,0.0,0.0,1.0,0.0
754,0.3415470181431715,1.7459500355983903,-1.052610547762138,0.053958590393916386,-0.7298052088181101,0.3556156548769373,1.4408797186467346,1.264838643008065,-0.408461866035395,0.48805546825836027,0.8081531229288582,-0.37438783918983853,0.42649114987590664,0.0,0.0,0.0,1.0,0.0,0.0,1.0,0.0,1.0,0.0,0.0,1.0,0.0,0.0,0.0,0.0,0.0,0.0,0.0,0.0,0.0,0.0,0.0,1.0,1.0,0.0
892,-1.2920183447721576,0.40729350346042015,0.610988921175284,0.03310170291465923,2.029575703008077,0.5355899327738313,-0.8116134683805237,-0.17623655203043026,-0.6001957846447227,0.17411890094559473,-0.12607436420159018,-0.2483230416792144,-0.07497147854167352,1.0,0.0,0.0,1.0,0.0,0.0,1.0,0.0,1.0,1.0,0.0,1.0,0.0,0.0,1.0,0.0,0.0,0.0,0.0,0.0,1.0,0.0,0.0,0.0,0.0,0.0
1079,0.9768224370546884,0.6304029254834151,-0.7060273250668417,-0.12512007265052769,-0.7298052088181101,0.8955384885676231,0.670289944137409,1.264838643008065,-0.5046881685942296,1.475164493831877,0.14591455073193332,1.941098038822358,0.27494180332513896,1.0,0.0,0.0,1.0,0.0,0.0,0.0,1.0,1.0,1.0,0.0,1.0,0.0,0.0,0.0,0.0,0.0,1.0,0.0,0.0,0.0,0.0,1.0,1.0,1.0,0.0
154,0.5230542806893193,-0.5966988956430576,-0.15149416875436772,-1.347736955440701,-0.7298052088181101,-0.4542685956590943,1.8755713863186614,1.2511141173410316,-1.0668953196395476,0.8226063031361373,1.1837843186703703,-0.276860370642959,-0.34874946457316236,1.0,0.0,0.0,1.0,0.0,1.0,1.0,0.0,1.0,0.0,0.0,0.0,0.0,0.0,0.0,0.0,0.0,0.0,0.0,1.0,0.0,0.0,0.0,0.0,1.0,0.0
846,-0.9290038196798622,-0.15048005159706745,0.05645576486281002,2.1721955427395017,1.3397304750515302,1.345474183309863,0.9271532023071842,0.7844802446618998,-0.5990399575802743,0.6564670237665607,0.6931724703548505,0.020538168389626563,1.8344988745741255,1.0,0.0,1.0,1.0,0.0,0.0,1.0,0.0,0.0,1.0,0.0,1.0,0.0,0.0,0.0,0.0,0.0,0.0,1.0,0.0,0.0,1.0,0.0,1.0,1.0,0.0
1991,-2.0180473949567483,0.40729350346042015,0.610988921175284,2.1106230681484925,-0.7298052088181101,-0.7242300125044382,0.8678770658064668,0.4413671029860676,-0.9865800123473594,-0.8087891736032121,1.2543950406984334,-0.3961054464206642,3.3535569227399917,1.0,0.0,0.0,1.0,0.0,0.0,0.0,0.0,0.0,0.0,0.0,1.0,0.0,0.0,0.0,0.0,0.0,0.0,0.0,1.0,1.0,0.0,0.0,0.0,1.0,0.0
951,0.613807911962393,-0.8198083176660526,-0.3594441023715455,-1.3767971366147624,-1.419650436774657,-1.5341142630404687,0.05776986696333059,0.32699605576079027,-0.4339714436690884,0.2152173192351681,0.16095380626014041,-0.4825438439713415,-0.771708657180109,1.0,0.0,0.0,1.0,0.0,0.0,0.0,0.0,1.0,0.0,0.0,1.0,0.0,0.0,0.0,0.0,0.0,0.0,0.0,0.0,1.0,0.0,0.0,0.0,0.0,0.0
591,-1.8365401324106005,-1.154472450700545,0.1257724094018693,-1.1463767346345681,0.6498852470949834,0.26562851592848935,1.7175016889834152,1.5393291563487306,-1.0973431922874508,-0.03147620660105929,0.3466212420258719,-0.653824275980518,1.416471875525743,0.0,0.0,0.0,1.0,0.0,0.0,1.0,0.0,1.0,0.0,0.0,1.0,0.0,0.0,0.0,0.0,0.0,0.0,0.0,0.0,1.0,0.0,0.0,0.0,0.0,0.0
27,0.9768224370546884,-0.26203476260856495,-1.1912438368402565,-0.706066528228665,0.6498852470949834,0.1756413769800414,0.788842217138844,1.3334612713432312,-0.6653187831786062,-1.135068268951082,-1.1463695082556786,-0.6345955979760746,-0.6999276188913264,1.0,0.0,0.0,1.0,0.0,0.0,0.0,1.0,1.0,0.0,0.0,1.0,0.0,0.0,1.0,0.0,0.0,0.0,0.0,0.0,0.0,0.0,0.0,0.0,1.0,0.0
220,-0.6567429258606406,0.07262937042592758,1.0962054329486988,0.10607851764162786,-0.7298052088181101,0.8055513496191751,-0.041023693871198266,0.4413671029860676,-0.4742029506134805,0.13198603109817603,0.15276201702731707,-0.3833791211686337,-0.03947047988651716,0.0,0.0,0.0,1.0,0.0,0.0,1.0,0.0,1.0,0.0,0.0,0.0,0.0,0.0,0.0,0.0,0.0,0.0,0.0,0.0,0.0,0.0,0.0,0.0,1.0,0.0
2141,-0.9290038196798622,1.6343953245868927,-1.052610547762138,0.026231143696636396,0.6498852470949834,0.8055513496191751,2.2312282053229655,0.6838337231036558,-0.8259493977629827,-0.4825100782553422,1.2543950406984334,-0.18146431002079483,1.6338797564135517,1.0,0.0,0.0,1.0,0.0,0.0,1.0,0.0,0.0,0.0,0.0,0.0,0.0,1.0,1.0,0.0,1.0,0.0,1.0,1.0,0.0,0.0,0.0,1.0,1.0,0.0
1535,-1.655032869864453,0.07262937042592758,-0.3594441023715455,1.4025286069533454,0.6498852470949834,0.1756413769800414,-0.49547407371003116,-0.10761392369526382,-0.5850034758864179,-0.15623098290747234,-0.36965156594699566,-0.6107465828205335,1.5344137684436696,1.0,0.0,0.0,1.0,0.0,0.0,0.0,1.0,1.0,0.0,0.0,1.0,0.0,1.0,1.0,0.0,0.0,1.0,1.0,0.0,0.0,0.0,0.0,1.0,0.0,0.0
1280,-0.29372840076834533,-0.038925340585569936,0.333722343019047,1.1617139206861533,-0.4538671176354914,0.08565423803159344,-0.001506269537386865,-0.10761392369526382,-0.1834269394254764,0.4963272077882674,0.5482878204178123,-0.7299916585982388,2.1835724428166854,1.0,0.0,0.0,1.0,0.0,0.0,0.0,0.0,1.0,0.0,0.0,1.0,0.0,0.0,0.0,0.0,0.0,0.0,0.0,0.0,0.0,0.0,0.0,0.0,1.0,0.0
462,-0.475235663314493,-1.0429177396890477,-0.3594441023715455,-0.26042678642254224,-0.03995998086156337,-0.09432003986530246,0.23559827646548226,0.7158576163267334,-0.1834269394254764,1.475164493831877,1.466227206782619,-0.5868975676649926,-0.07067400789058911,1.0,0.0,0.0,1.0,0.0,0.0,1.0,0.0,1.0,1.0,0.0,1.0,0.0,0.0,1.0,0.0,1.0,1.0,0.0,0.0,1.0,0.0,0.0,1.0,1.0,0.0
230,-1.1105110822260098,1.5228406135753954,1.1655220774877582,1.9004853280518799,0.6498852470949834,0.7155642106707272,0.670289944137409,-0.10761392369526382,-0.9221552512414277,0.4466914848875064,0.7708889456384038,0.07212619510690872,0.8006732940802762,1.0,0.0,0.0,1.0,0.0,0.0,0.0,0.0,1.0,1.0,0.0,1.0,0.0,0.0,0.0,0.0,0.0,0.0,0.0,0.0,1.0,0.0,0.0,0.0,1.0,0.0
1273,0.43230064941624535,-0.15048005159706745,0.5416722766362247,-0.15098736169793323,-0.5918361632268008,-0.7242300125044382,0.8481183536395615,0.9903481296673992,-0.344057554009853,0.8226063031361373,1.0425628746142466,-0.873085749531485,0.2533482069800972,1.0,0.0,0.0,1.0,0.0,0.0,0.0,0.0,1.0,1.0,0.0,1.0,0.0,1.0,0.0,0.0,1.0,0.0,0.0,0.0,0.0,0.0,0.0,0.0,1.0,0.0
210,-0.9290038196798622,1.4112859025638977,-0.2901274578324862,3.573313234616365,-0.03995998086156337,-0.4542685956590943,0.07752857913023593,-0.10761392369526382,-0.9062647050551711,-1.135068268951082,0.9013414305581229,-0.8015387040648619,3.4161645547740838,1.0,0.0,0.0,1.0,0.0,0.0,0.0,0.0,1.0,0.0,0.0,1.0,0.0,1.0,0.0,0.0,0.0,0.0,0.0,0.0,1.0,0.0,0.0,0.0,0.0,0.0
838,-0.021467506949123822,0.07262937042592758,-0.5673940359887233,-0.3431745747379753,0.6498852470949834,0.8055513496191751,1.6187081281488862,2.088310183030062,-0.8342070698131696,0.48319882350085236,0.6108203305594332,-0.44413319974059323,0.454836633276165,0.0,0.0,0.0,1.0,0.0,0.0,0.0,1.0,1.0,0.0,0.0,0.0,0.0,0.0,0.0,0.0,0.0,0.0,0.0,0.0,0.0,0.0,0.0,0.0,1.0,0.0
1253,-1.2920183447721576,-1.0429177396890477,0.05645576486281002,0.5092069010478714,0.37394715591236466,-0.004332900916854509,0.5912550954697863,1.3334612713432312,-0.9865800123473594,-0.15623098290747234,1.3956164847545571,-0.7061426434426977,1.4033246669772759,1.0,0.0,0.0,1.0,0.0,0.0,1.0,0.0,1.0,1.0,0.0,1.0,0.0,1.0,0.0,0.0,0.0,1.0,0.0,0.0,1.0,0.0,0.0,1.0,1.0,0.0
878,-2.5625691825951913,1.4112859025638977,0.6803055657143433,0.7556984949296751,-0.7298052088181101,0.4456027938253833,0.038011154796424536,0.647234987991567,-0.8647504754308988,0.38103702454480987,-0.03448481677330672,-0.500017445643366,0.2766482911676574,0.0,0.0,0.0,0.0,0.0,0.0,1.0,0.0,1.0,0.0,0.0,1.0,0.0,0.0,0.0,0.0,0.0,0.0,0.0,0.0,0.0,0.0,0.0,0.0,0.0,1.0
755,0.25079338687009767,1.7459500355983903,0.4723556320971655,0.9374573770006513,-0.8677742544094195,0.6255770717222792,1.4211210064798285,1.5393291563487306,-0.5239028353188275,0.10756459874863919,0.7746098715479324,1.148934479047402,1.1757505625942848,0.0,0.0,0.0,1.0,0.0,0.0,1.0,0.0,1.0,0.0,0.0,1.0,0.0,0.0,0.0,1.0,0.0,0.0,0.0,0.0,1.0,0.0,0.0,0.0,1.0,1.0
1439,1.4305905934200576,-1.154472450700545,-0.2901274578324862,-1.2882833276617254,0.6498852470949834,-0.004332900916854509,0.7493247928050326,0.9903481296673992,-0.42437286130204127,1.148885398484007,0.33645565433362545,-0.8492367343759439,-0.7677056448100189,0.0,0.0,0.0,1.0,0.0,0.0,0.0,1.0,0.0,0.0,0.0,1.0,0.0,1.0,1.0,0.0,0.0,1.0,0.0,0.0,0.0,0.0,0.0,1.0,1.0,0.0
28,0.3415470181431715,-1.7122460057580327,-0.7060273250668417,-0.6737255681308896,-0.7298052088181101,-0.27429431776219837,0.41342668596763393,0.7158576163267334,-0.344057554009853,1.475164493831877,0.8307307085300598,-0.5153505221983694,-0.06614860278024015,1.0,0.0,0.0,1.0,0.0,0.0,0.0,1.0,1.0,0.0,0.0,0.0,0.0,1.0,1.0,0.0,0.0,0.0,0.0,0.0,1.0,0.0,0.0,0.0,0.0,0.0
740,0.06928612432395001,0.2957387924489226,-1.1219271923011973,-0.8728154997034716,-0.7298052088181101,0.9855256275160711,1.0457054753086192,0.8531028729970662,-0.07919747880476885,0.5082537658674975,0.2434837353803377,-0.5673537401647895,-0.5201699055711771,0.0,0.0,0.0,1.0,0.0,1.0,0.0,0.0,1.0,0.0,0.0,1.0,0.0,0.0,0.0,0.0,0.0,0.0,0.0,0.0,0.0,0.0,0.0,0.0,1.0,0.0
1444,-1.8365401324106005,-0.038925340585569936,2.1359551010345874,-0.6805977992032961,-0.03995998086156337,0.08565423803159344,0.23559827646548226,0.5786123596564006,-1.3078412415161125,-0.15623098290747234,-0.08720867783474696,-0.6584446131316156,-0.058311484983067964,1.0,0.0,0.0,1.0,0.0,0.0,0.0,0.0,1.0,0.0,0.0,1.0,0.0,1.0,0.0,0.0,0.0,0.0,0.0,0.0,0.0,0.0,0.0,0.0,0.0,0.0
2136,-0.29372840076834533,0.07262937042592758,0.05645576486281002,1.4551397226616718,2.029575703008077,-0.5442557346075423,1.2630513091445823,0.33157089764980135,-0.10311163213328808,0.4963272077882674,1.1131735966423084,1.1779295538450445,0.8589544682220073,1.0,0.0,0.0,1.0,1.0,1.0,0.0,1.0,0.0,0.0,0.0,1.0,0.0,0.0,1.0,1.0,0.0,0.0,0.0,1.0,0.0,0.0,0.0,0.0,1.0,0.0
2210,0.25079338687009767,-0.038925340585569936,-0.22081081329342697,-0.4449905684841732,-0.03995998086156337,1.7054227391036547,0.2948744129661997,0.8531028729970662,-0.48944927494981283,0.17761838780600775,0.2636139787759077,-0.5719608795570883,-0.2631956423986559,0.0,0.0,0.0,1.0,0.0,0.0,1.0,1.0,1.0,0.0,0.0,0.0,0.0,0.0,1.0,0.0,0.0,0.0,0.0,0.0,1.0,0.0,0.0,0.0,1.0,0.0
1021,-1.564279238591379,-0.5966988956430576,0.2644056984799878,0.1548946415944993,2.029575703008077,-0.4542685956590943,0.9864293388079017,0.6563846717695891,-0.6648653027141772,0.010635667186572986,0.624594529334536,-0.24513448129773208,1.3152057621646986,0.0,0.0,0.0,1.0,0.0,0.0,0.0,0.0,1.0,0.0,0.0,1.0,0.0,0.0,0.0,0.0,0.0,0.0,0.0,0.0,0.0,0.0,0.0,0.0,1.0,1.0
1278,-1.0197574509529361,1.0766217695294051,0.5416722766362247,0.5982262391474407,-1.419650436774657,-1.6241014019889168,0.4727028224683514,-0.10761392369526382,-0.42437286130204127,-0.8087891736032121,0.1662109178548951,2.3942293267776376,1.7524532684016896,1.0,0.0,0.0,1.0,0.0,0.0,1.0,0.0,0.0,0.0,0.0,1.0,0.0,1.0,0.0,0.0,0.0,0.0,0.0,0.0,0.0,0.0,0.0,0.0,0.0,1.0
1247,-0.29372840076834533,-0.15048005159706745,-0.7060273250668417,-0.6829069668361418,-0.5918361632268008,0.5355899327738313,0.43318539813454,0.6655343555476113,-0.6653187831786062,3.4328390659190964,-0.22843012189087195,-0.896934764687026,-0.22104796374485589,1.0,0.0,0.0,0.0,0.0,0.0,1.0,0.0,1.0,0.0,0.0,1.0,1.0,0.0,1.0,0.0,0.0,0.0,0.0,0.0,0.0,0.0,0.0,0.0,0.0,0.0
2122,-1.1105110822260098,0.6304029254834151,0.4723556320971655,1.2655660131608577,1.3397304750515302,0.8955384885676231,0.23559827646548226,0.16687658964540192,-0.5850034758864179,0.4963272077882674,3.0196630913999862,-0.6345955979760746,1.6056927706377195,1.0,0.0,0.0,1.0,0.0,1.0,0.0,0.0,0.0,0.0,0.0,1.0,0.0,1.0,0.0,0.0,1.0,0.0,1.0,1.0,1.0,0.0,1.0,1.0,1.0,0.0
661,-1.655032869864453,-0.15048005159706745,0.5416722766362247,-0.5365237408252641,-0.7298052088181101,1.075512766464519,0.7295660806381266,0.4413671029860676,-0.06363961364027883,-0.7790617938679179,-0.027667572573057703,0.4760240920292871,0.2526047563817198,0.0,0.0,0.0,1.0,0.0,0.0,1.0,0.0,1.0,0.0,0.0,1.0,0.0,1.0,1.0,0.0,0.0,0.0,0.0,0.0,0.0,0.0,1.0,0.0,1.0,0.0
1313,-0.5659892945875669,-0.038925340585569936,-1.9537269267699082,1.5027914551897563,2.7194209309646236,-0.004332900916854509,-0.5547502102107486,-0.10761392369526382,-0.9062647050551711,1.475164493831877,0.06555399623681836,-0.5868975676649926,0.6848456246659016,1.0,0.0,0.0,1.0,0.0,0.0,0.0,1.0,0.0,1.0,0.0,0.0,0.0,0.0,1.0,0.0,0.0,1.0,0.0,0.0,0.0,0.0,0.0,1.0,1.0,0.0
1373,-0.021467506949123822,2.080614168632883,1.5121053001830542,-0.3369862455829681,0.6498852470949834,-0.27429431776219837,0.5714963833028802,1.3975090577893867,-0.5046881685942296,-1.7876264596468217,-1.8524767285362997,-0.13376627970971272,-0.08900503470611151,1.0,0.0,0.0,1.0,0.0,0.0,0.0,0.0,1.0,1.0,0.0,1.0,0.0,1.0,0.0,1.0,0.0,0.0,0.0,0.0,0.0,0.0,0.0,0.0,0.0,0.0
674,-0.5659892945875669,2.080614168632883,1.3734720111049359,-0.6296221268856744,0.37394715591236466,0.5355899327738313,0.7690835049719379,0.9903481296673992,-0.09398821632742291,0.009751356217248548,-0.090938664512127,-0.4798561748201689,-0.7035378823336922,0.0,0.0,0.0,0.0,0.0,0.0,0.0,1.0,0.0,1.0,1.0,1.0,0.0,0.0,0.0,0.0,0.0,0.0,0.0,0.0,1.0,0.0,0.0,1.0,1.0,0.0
1350,-1.655032869864453,-0.5966988956430576,-0.08217752421530848,1.6190120034553976,-1.419650436774657,0.26562851592848935,-0.13981725470572748,0.3041218463157348,-0.5850034758864179,1.148885398484007,1.1131735966423084,-0.6584446131316156,1.6924219578204092,1.0,0.0,0.0,1.0,0.0,1.0,0.0,0.0,1.0,0.0,0.0,1.0,0.0,0.0,0.0,0.0,1.0,0.0,0.0,1.0,0.0,0.0,0.0,0.0,1.0,0.0
1472,-0.11222113822219766,-0.038925340585569936,-1.329877125918375,-0.45742863450007915,-0.7298052088181101,0.5355899327738313,0.43318539813454,1.0955694931146542,0.05751898245108851,0.8226063031361373,1.6780593728668058,-1.373915067797847,-0.7882428453275742,1.0,0.0,0.0,1.0,0.0,1.0,0.0,0.0,0.0,0.0,0.0,1.0,0.0,0.0,0.0,0.0,0.0,0.0,0.0,0.0,0.0,1.0,0.0,0.0,1.0,0.0
2174,0.16003975559702385,0.9650670585179077,0.610988921175284,1.8679495472183758,0.7878542926862927,0.4456027938253833,-0.3571630885416909,0.16687658964540192,-0.8259493977629827,0.4963272077882674,0.33645565433362545,-0.1099172645541717,0.32546155497028584,1.0,0.0,0.0,0.0,0.0,1.0,0.0,0.0,1.0,0.0,0.0,1.0,0.0,1.0,0.0,0.0,1.0,0.0,0.0,1.0,0.0,0.0,1.0,0.0,0.0,0.0
615,1.4305905934200576,-0.5966988956430576,-0.08217752421530848,-1.021419943919373,1.4776995206428394,0.08565423803159344,0.05776986696333059,0.1943256409794685,-0.1880145746757513,0.29064349589047556,-0.34162706642412033,-0.4872125792882881,-0.6309499600676147,0.0,0.0,0.0,1.0,0.0,0.0,1.0,0.0,1.0,0.0,0.0,1.0,0.0,0.0,0.0,0.0,0.0,0.0,0.0,0.0,0.0,0.0,0.0,0.0,0.0,0.0
1915,0.613807911962393,0.7419576364949126,0.610988921175284,-0.18645508902910068,0.6498852470949834,0.1756413769800414,1.0654641874755244,1.1596172795608097,-1.147210626931736,1.148885398484007,0.7601199865019979,-0.32455840095404104,-0.25432306191970633,1.0,0.0,0.0,1.0,0.0,1.0,1.0,1.0,1.0,0.0,0.0,1.0,0.0,0.0,0.0,0.0,1.0,0.0,0.0,1.0,1.0,0.0,0.0,0.0,1.0,0.0
1072,-1.2012647134990837,-1.0429177396890477,0.610988921175284,0.7791226160630099,0.6498852470949834,0.4456027938253833,1.2037751726438648,0.4413671029860676,-0.022796324841099787,-2.766463745690431,-0.2990408439189338,0.15242190215677978,1.718765948453495,1.0,0.0,0.0,1.0,0.0,0.0,0.0,1.0,1.0,0.0,0.0,0.0,0.0,0.0,0.0,0.0,0.0,0.0,0.0,0.0,0.0,0.0,0.0,0.0,1.0,0.0
1930,-0.9290038196798622,0.8535123475064101,-0.498077391449664,-0.758146224534042,1.3397304750515302,-1.6241014019889168,1.0259467631417132,0.5786123596564006,-0.8259493977629827,0.17004811244039753,0.40706637636168735,-0.25301135548741793,-0.23426693737492799,0.0,0.0,0.0,1.0,0.0,1.0,0.0,1.0,1.0,1.0,1.0,1.0,0.0,1.0,0.0,0.0,0.0,0.0,0.0,1.0,0.0,0.0,0.0,0.0,1.0,0.0
64,-0.5659892945875669,-0.7082536066545551,0.9575721438705803,-0.9166520000072973,1.0637923838689114,0.1756413769800414,0.5122202468021627,0.24922374364760164,-0.9865800123473594,-0.15623098290747234,-0.2990408439189338,-0.44380347673174625,-0.27596922157454223,1.0,0.0,0.0,1.0,0.0,0.0,0.0,1.0,0.0,1.0,0.0,1.0,0.0,0.0,1.0,0.0,0.0,1.0,1.0,0.0,1.0,1.0,0.0,1.0,0.0,0.0
1216,0.16003975559702385,-0.7082536066545551,-0.6367106805277825,0.13129667927245373,-0.7298052088181101,-0.09432003986530246,0.07752857913023593,0.4413671029860676,-0.022796324841099787,-0.15623098290747234,0.8307307085300598,0.12857288700123873,-0.07129491001465917,1.0,0.0,0.0,1.0,0.0,0.0,1.0,1.0,0.0,1.0,0.0,1.0,0.0,0.0,1.0,0.0,0.0,0.0,1.0,0.0,0.0,1.0,0.0,1.0,1.0,0.0
1899,-0.7474965571337145,0.5188482144719176,-0.3594441023715455,-0.8156193858893989,0.6498852470949834,-1.4441271240920208,0.7295660806381266,0.16687658964540192,-1.147210626931736,1.148885398484007,-0.15781939986280882,-0.5630485525094515,0.36886409257238795,1.0,0.0,1.0,1.0,0.0,0.0,0.0,0.0,1.0,1.0,1.0,1.0,1.0,1.0,0.0,0.0,0.0,0.0,0.0,0.0,1.0,0.0,0.0,0.0,0.0,1.0
2019,0.43230064941624535,-0.038925340585569936,0.5416722766362247,-0.7747662744603115,-0.7298052088181101,0.7155642106707272,1.144499036143148,1.749771883243241,-0.344057554009853,-1.7876264596468217,0.6188985424458742,-0.6822936282871567,0.2575735093343104,1.0,0.0,0.0,0.0,1.0,1.0,0.0,0.0,0.0,1.0,1.0,1.0,0.0,0.0,0.0,0.0,0.0,0.0,0.0,1.0,0.0,0.0,0.0,0.0,0.0,0.0
1713,-0.3844820320414192,0.5188482144719176,0.6803055657143433,-0.8317868827962405,2.7194209309646236,-0.8142171514528861,1.3420861578122056,2.0517114479179734,0.2181495970354651,-0.15623098290747234,-1.2875909523118036,-0.7061426434426977,-0.9472684198352994,1.0,0.0,0.0,1.0,0.0,0.0,0.0,0.0,0.0,0.0,0.0,1.0,0.0,0.0,0.0,0.0,0.0,0.0,0.0,0.0,0.0,0.0,0.0,0.0,0.0,0.0
1858,-1.0197574509529361,1.8575047466098877,-1.607143704074612,-0.6874700302757026,1.3397304750515302,-1.174165707246678,-0.10029983037191573,0.07537975186518,-0.9865800123473594,-0.8087891736032121,0.2658449323055636,-0.7299916585982388,0.30058111937237136,1.0,0.0,1.0,1.0,0.0,0.0,0.0,1.0,1.0,0.0,0.0,1.0,0.0,0.0,0.0,0.0,0.0,0.0,0.0,0.0,0.0,0.0,0.0,0.0,0.0,1.0
1321,-0.5659892945875669,-0.15048005159706745,-0.3594441023715455,-2.1416720044947795,1.3397304750515302,-0.9042042904013341,0.7690835049719379,1.9510649263597293,-0.9865800123473594,0.4963272077882674,-0.2990408439189338,-0.873085749531485,-0.8157210911129179,0.0,0.0,0.0,0.0,0.0,0.0,1.0,0.0,0.0,0.0,0.0,1.0,0.0,0.0,0.0,0.0,1.0,0.0,0.0,0.0,0.0,0.0,0.0,0.0,0.0,0.0
562,-0.3844820320414192,0.5188482144719176,-0.3594441023715455,-0.9146418508233195,2.581451885373314,0.26562851592848935,0.31463312513310504,0.28124763687067933,0.2984649043276534,-1.7876264596468217,-1.4288123963679273,-0.25301135548741793,-0.30207832066339896,1.0,0.0,0.0,1.0,0.0,0.0,0.0,1.0,0.0,0.0,0.0,1.0,0.0,0.0,0.0,0.0,0.0,0.0,0.0,0.0,0.0,0.0,0.0,0.0,0.0,0.0
135,-0.2029747694952715,0.6304029254834151,0.5416722766362247,-0.9374939618363285,1.3397304750515302,0.5355899327738313,0.4727028224683514,1.3334612713432312,0.21553502408727948,0.29081179064786133,-0.2984076267347877,-0.13050240032252683,-0.8091785820675498,1.0,0.0,0.0,1.0,0.0,0.0,0.0,0.0,1.0,0.0,0.0,0.0,1.0,0.0,0.0,0.0,0.0,0.0,0.0,0.0,0.0,0.0,0.0,0.0,0.0,0.0
161,-1.2012647134990837,1.9690594576213853,0.333722343019047,-0.4970834740753256,-1.419650436774657,-1.264152846195126,0.8678770658064668,0.9903481296673992,-0.9062647050551711,0.4963272077882674,-1.2169802302837405,-0.825387719220403,0.5888387375473757,1.0,0.0,0.0,1.0,0.0,0.0,0.0,0.0,0.0,0.0,0.0,0.0,0.0,0.0,0.0,0.0,0.0,0.0,0.0,0.0,0.0,0.0,0.0,0.0,0.0,1.0
1386,1.6120978559662051,1.4112859025638977,-0.15149416875436772,-0.5197229237328661,-0.03995998086156337,0.9855256275160711,0.43318539813454,1.4020838996783977,-0.13097542145122107,0.6992415867107992,0.3988036607769088,-0.24604292400751424,-0.6778613241732804,1.0,0.0,0.0,1.0,0.0,0.0,0.0,1.0,1.0,0.0,0.0,1.0,0.0,0.0,0.0,0.0,0.0,0.0,0.0,0.0,0.0,0.0,0.0,0.0,1.0,0.0
804,0.3415470181431715,-0.48514418463156,-1.052610547762138,-0.8157209573327022,0.6498852470949834,-0.18430717881375042,0.31463312513310504,0.9903481296673992,0.5394108262042183,2.1277226845276167,-2.3467517827327353,-0.13376627970971272,-0.7403258317416193,1.0,0.0,0.0,1.0,0.0,0.0,0.0,0.0,1.0,1.0,0.0,1.0,0.0,0.0,0.0,0.0,0.0,0.0,0.0,0.0,0.0,0.0,0.0,0.0,0.0,0.0
1036,-1.2920183447721576,-0.26203476260856495,0.6803055657143433,-0.2659868007512565,-1.419650436774657,0.1756413769800414,0.6307725198035977,1.5393291563487306,-0.7801456699752746,0.5079350172936704,-0.0432659343898922,-0.6152876141022151,-0.3737299957675436,0.0,0.0,0.0,0.0,0.0,0.0,0.0,0.0,0.0,1.0,0.0,1.0,0.0,0.0,0.0,0.0,0.0,0.0,0.0,0.0,0.0,0.0,0.0,0.0,0.0,1.0
1748,-0.2029747694952715,0.1841840814374251,-0.7060273250668417,-0.16914139546252205,0.23597811032105534,-0.3642814567106463,0.8086009293057493,0.2720979530926571,-0.9062647050551711,-0.15623098290747234,-0.22843012189087195,1.416419705400455,0.27223151624031566,0.0,0.0,0.0,1.0,0.0,0.0,0.0,0.0,0.0,0.0,0.0,0.0,0.0,1.0,1.0,0.0,0.0,1.0,1.0,0.0,1.0,0.0,1.0,1.0,1.0,0.0
1724,-1.4735256073183052,-0.5966988956430576,0.4723556320971655,1.670833743695241,-0.03995998086156337,-0.4542685956590943,0.788842217138844,0.13027785453331314,-0.6653187831786062,-1.135068268951082,0.12462348824943863,-0.6345955979760746,1.955722477979744,1.0,0.0,0.0,1.0,0.0,0.0,0.0,0.0,0.0,0.0,0.0,1.0,1.0,0.0,0.0,0.0,0.0,0.0,0.0,1.0,1.0,0.0,0.0,0.0,0.0,0.0
186,-0.3844820320414192,0.07262937042592758,-1.4685104149964936,0.3135866359253131,0.6498852470949834,0.8955384885676231,0.7690835049719379,1.4295329510124644,-0.9853410713084211,0.16644473831602652,0.7346856662021318,-0.23296131814033746,2.6224611799042865,1.0,0.0,0.0,1.0,0.0,0.0,0.0,1.0,1.0,1.0,0.0,1.0,0.0,1.0,1.0,0.0,0.0,0.0,1.0,0.0,1.0,1.0,0.0,0.0,1.0,1.0
1008,0.5230542806893193,-1.154472450700545,1.442788655643995,-0.9035105639340054,-0.03995998086156337,0.9855256275160711,1.5989494159819801,0.9903481296673992,-0.24696009853970904,0.3177174891898372,0.533552782712175,-0.2361005352433489,-0.28978820354675155,1.0,0.0,0.0,1.0,0.0,1.0,0.0,1.0,1.0,0.0,0.0,1.0,0.0,0.0,0.0,0.0,0.0,0.0,0.0,0.0,0.0,0.0,0.0,0.0,1.0,0.0
655,-0.9290038196798622,-0.038925340585569936,0.05645576486281002,-1.6072199584999407,0.7878542926862927,1.7054227391036547,0.7690835049719379,0.6243607785465115,-0.22834730179719448,0.09249232191812409,0.04195833182937901,-0.5356974966215413,-0.48207170039235536,0.0,0.0,0.0,1.0,0.0,0.0,0.0,1.0,1.0,1.0,0.0,1.0,0.0,0.0,0.0,0.0,0.0,0.0,0.0,0.0,0.0,0.0,0.0,0.0,1.0,0.0
1276,-0.11222113822219766,-0.93136302867755,-1.607143704074612,-0.9825517546706107,-0.03995998086156337,0.8955384885676231,1.1840164604769594,1.5393291563487306,-0.42437286130204127,1.148885398484007,-1.005148064199555,-0.9446327949981081,-0.2015956583116902,0.0,0.0,0.0,1.0,0.0,0.0,0.0,0.0,1.0,0.0,0.0,1.0,0.0,1.0,0.0,0.0,0.0,0.0,0.0,0.0,0.0,0.0,0.0,1.0,1.0,0.0
1714,-2.744076445141339,0.5188482144719176,-0.15149416875436772,0.0900658285043552,-1.1437123455920382,-0.8142171514528861,1.1049816118093359,1.219090224117954,-0.5046881685942296,0.8226063031361373,-0.15781939986280882,-0.15761529486525377,0.4677191043889497,1.0,0.0,0.0,1.0,0.0,0.0,0.0,0.0,0.0,1.0,0.0,1.0,0.0,1.0,0.0,0.0,0.0,0.0,0.0,0.0,0.0,0.0,0.0,0.0,1.0,1.0
215,0.25079338687009767,0.5188482144719176,-0.5673940359887233,-0.1861555776268511,-0.03995998086156337,0.5355899327738313,0.2948744129661997,0.3041218463157348,-0.3382045898854829,-0.17639173231831676,-0.00032366508605760326,-0.5242311794471598,-0.5151760818974171,0.0,0.0,0.0,1.0,0.0,1.0,1.0,0.0,1.0,0.0,0.0,0.0,0.0,1.0,0.0,0.0,0.0,0.0,0.0,1.0,0.0,0.0,0.0,0.0,1.0,0.0
2130,-1.2920183447721576,0.07262937042592758,-0.775343969605901,-0.46675251942744117,0.6498852470949834,0.1756413769800414,1.1642577483100534,1.5393291563487306,0.7803567480807831,1.148885398484007,0.40706637636168735,-0.3484074161095821,1.1354579583766495,1.0,0.0,0.0,0.0,1.0,0.0,0.0,1.0,1.0,0.0,0.0,1.0,0.0,0.0,0.0,0.0,0.0,0.0,0.0,1.0,0.0,0.0,0.0,0.0,0.0,0.0
234,-0.2029747694952715,-1.154472450700545,-0.498077391449664,0.5874144986439733,-0.03995998086156337,-0.5442557346075423,1.2630513091445823,0.7158576163267334,-0.9062647050551711,1.148885398484007,0.9013414305581229,-0.08606824939863064,0.4190039870553173,1.0,0.0,0.0,1.0,0.0,0.0,0.0,1.0,1.0,0.0,0.0,1.0,0.0,0.0,1.0,0.0,0.0,0.0,0.0,0.0,0.0,1.0,0.0,0.0,1.0,0.0
264,0.3415470181431715,-0.48514418463156,-1.1219271923011973,0.22710502500043514,-0.7298052088181101,0.26562851592848935,0.9469119144740903,0.9903481296673992,-0.34762090702330506,0.5772890845171117,0.610246017545711,-0.3589037458533689,-0.06562741413597967,1.0,0.0,0.0,1.0,0.0,1.0,1.0,0.0,1.0,1.0,0.0,0.0,0.0,0.0,0.0,0.0,1.0,0.0,0.0,1.0,0.0,0.0,0.0,1.0,1.0,0.0
2193,-1.7457865011375266,-0.7082536066545551,0.4723556320971655,4.413219162688259,2.029575703008077,-0.7242300125044382,0.23559827646548226,-0.07559003047218615,-0.6653187831786062,0.17004811244039753,-0.2990408439189338,0.6294022052676006,2.7685821059912366,1.0,0.0,0.0,0.0,1.0,0.0,0.0,1.0,1.0,0.0,0.0,1.0,0.0,0.0,0.0,0.0,0.0,0.0,0.0,0.0,1.0,0.0,0.0,0.0,0.0,0.0
2010,-1.0197574509529361,-0.26203476260856495,-0.15149416875436772,0.2114474607458855,-0.7298052088181101,0.08565423803159344,5.4321395763617,0.7158576163267334,-0.10311163213328808,0.4963272077882674,-0.36965156594699566,0.10472387184569769,0.5735904241001852,1.0,0.0,0.0,1.0,0.0,1.0,0.0,0.0,1.0,0.0,1.0,1.0,0.0,1.0,0.0,0.0,1.0,0.0,0.0,1.0,1.0,0.0,0.0,0.0,1.0,0.0
1784,-2.9255837076874864,-1.2660271617120427,0.9575721438705803,-0.7353595077806794,1.3397304750515302,-0.8142171514528861,0.43318539813454,-0.057290662916141766,-1.2275259342239242,0.17004811244039753,-0.016597955806685095,-0.5630485525094515,0.7619058626723122,1.0,0.0,0.0,1.0,0.0,0.0,1.0,0.0,1.0,0.0,0.0,0.0,0.0,0.0,0.0,0.0,1.0,0.0,0.0,1.0,0.0,0.0,0.0,0.0,0.0,0.0
478,-0.29372840076834533,-0.5966988956430576,0.9575721438705803,2.0733739992352467,1.3397304750515302,0.6255770717222792,-0.13981725470572748,-0.7572414719348394,-0.15294998717489255,0.46875687872906746,-0.2846057958658327,-0.06827032132060658,-0.11303860670996292,1.0,0.0,1.0,1.0,0.0,0.0,0.0,0.0,0.0,1.0,0.0,1.0,0.0,0.0,1.0,0.0,0.0,0.0,0.0,0.0,0.0,0.0,0.0,0.0,0.0,0.0
1875,0.25079338687009767,0.6304029254834151,-1.3991937704574342,-0.3635419039158019,-0.7298052088181101,0.08565423803159344,0.7493247928050326,0.7982047703289331,-0.5850034758864179,-0.15623098290747234,-0.016597955806685095,-0.7299916585982388,1.1920719840985323,1.0,0.0,0.0,1.0,0.0,0.0,0.0,1.0,1.0,1.0,0.0,0.0,0.0,0.0,1.0,0.0,0.0,1.0,0.0,0.0,0.0,0.0,0.0,1.0,1.0,0.0
1168,-0.3844820320414192,0.9650670585179077,-0.42876074691060473,-0.320102616192918,0.6498852470949834,0.08565423803159344,2.3497804783243996,3.735253263074056,0.7803567480807831,0.8226063031361373,1.0425628746142466,-0.20531332517633585,-0.30428526873825545,1.0,0.0,0.0,1.0,0.0,1.0,1.0,1.0,0.0,1.0,0.0,1.0,1.0,0.0,0.0,0.0,0.0,0.0,0.0,0.0,0.0,0.0,0.0,0.0,1.0,0.0
1808,-0.3844820320414192,0.5188482144719176,-0.08217752421530848,-0.3867992579701574,-0.03995998086156337,-0.09432003986530246,1.4408797186467346,0.9903481296673992,0.2984649043276534,-1.135068268951082,1.5368379288106808,-0.32455840095404104,0.9313733395312612,1.0,0.0,0.0,1.0,0.0,0.0,0.0,0.0,1.0,0.0,0.0,1.0,0.0,1.0,0.0,0.0,0.0,0.0,0.0,0.0,0.0,0.0,0.0,0.0,1.0,0.0
1818,-0.3844820320414192,-0.5966988956430576,-1.2605604813793159,0.3125330807229079,-0.03995998086156337,0.5355899327738313,0.9271532023071842,0.8531028729970662,-0.344057554009853,-1.135068268951082,1.1131735966423084,-0.5868975676649926,0.0605580936042555,0.0,0.0,0.0,0.0,0.0,0.0,0.0,1.0,1.0,1.0,0.0,1.0,0.0,0.0,1.0,0.0,0.0,1.0,0.0,0.0,0.0,0.0,0.0,1.0,1.0,0.0
1493,0.7953151745085407,0.6304029254834151,0.19508905394092854,0.11176764353330815,0.6498852470949834,0.1756413769800414,-0.10029983037191573,0.3041218463157348,-0.3346422232243197,0.4441474867810755,0.01649616054242192,-0.2767508137049097,-0.42321999863710497,1.0,0.0,0.0,1.0,0.0,0.0,1.0,1.0,1.0,0.0,0.0,1.0,0.0,0.0,1.0,0.0,0.0,0.0,0.0,0.0,0.0,0.0,0.0,0.0,0.0,0.0
552,-0.6567429258606406,-1.154472450700545,-1.607143704074612,-1.3144325339683318,2.029575703008077,1.6154356001552068,0.6110138076366917,1.6765744130190634,-0.03575550422833961,0.1511105376789395,0.11655833934657372,-0.2948783856845976,-0.6973602858207831,1.0,0.0,0.0,0.0,1.0,0.0,0.0,1.0,1.0,0.0,0.0,1.0,0.0,0.0,1.0,0.0,0.0,1.0,1.0,0.0,0.0,0.0,0.0,1.0,1.0,0.0
